-- Adminer 5.3.0 MariaDB 11.7.2-MariaDB-ubu2404 dump

SET NAMES utf8;
SET time_zone = '+00:00';
SET foreign_key_checks = 0;
SET sql_mode = 'NO_AUTO_VALUE_ON_ZERO';

SET NAMES utf8mb4;


DROP TABLE IF EXISTS `sea_routes`;
DROP TABLE IF EXISTS `rail_routes`;
DROP TABLE IF EXISTS `points`;
DROP TABLE IF EXISTS `containers`;
DROP TABLE IF EXISTS `companies`;


CREATE TABLE `companies` (
  `id` int(11) NOT NULL AUTO_INCREMENT,
  `name` varchar(30) NOT NULL,
  PRIMARY KEY (`id`),
  UNIQUE KEY `name` (`name`)
) ENGINE=InnoDB DEFAULT CHARSET=utf8mb4 COLLATE=utf8mb4_unicode_ci;

INSERT INTO `companies` (`id`, `name`) VALUES
(10,	'HUB'),
(11,	'TLC');

CREATE TABLE `containers` (
  `id` int(11) NOT NULL AUTO_INCREMENT,
  `size` int(11) NOT NULL,
  `weight_from` float NOT NULL,
  `weight_to` float NOT NULL,
  `name` varchar(30) NOT NULL,
  `type` enum('DC','HC') NOT NULL,
  PRIMARY KEY (`id`),
  UNIQUE KEY `size` (`size`,`type`,`weight_from`,`weight_to`,`name`)
) ENGINE=InnoDB DEFAULT CHARSET=utf8mb4 COLLATE=utf8mb4_unicode_ci;

INSERT INTO `containers` (`id`, `size`, `weight_from`, `weight_to`, `name`, `type`) VALUES
(6,	20,	0,	24,	'20\'DC ≤ 24t',	'DC'),
(7,	20,	24,	28,	'20\'DC ≤ 28t',	'DC'),
(8,	40,	0,	28,	'40\'HC ≤ 28t',	'HC');

CREATE TABLE `points` (
  `id` int(11) NOT NULL AUTO_INCREMENT,
  `city` varchar(100) NOT NULL,
  `country` varchar(50) NOT NULL,
  `RU_city` varchar(100) DEFAULT NULL,
  `RU_country` varchar(50) DEFAULT NULL,
  PRIMARY KEY (`id`),
  UNIQUE KEY `city` (`city`,`country`)
) ENGINE=InnoDB DEFAULT CHARSET=utf8mb4 COLLATE=utf8mb4_unicode_ci;

INSERT INTO `points` (`id`, `city`, `country`, `RU_city`, `RU_country`) VALUES
(1,	'Aliaga',	'Turkey',	'Алиага',	'Турция'),
(2,	'Bangkok',	'Thailand',	'Бангкок',	'Таиланд'),
(3,	'Belawan',	'Indonesia',	'Белаван',	'Индонезия'),
(4,	'Safiport',	'Turkey',	'Сафипорт',	'Турция'),
(5,	'Hefei',	'China',	'Хэфэй',	'Китай'),
(6,	'Changsha',	'China',	'Чанша',	'Китай'),
(7,	'Changshu',	'China',	'Чаншу',	'Китай'),
(8,	'Changzhou',	'China',	'Чанчжоу',	'Китай'),
(9,	'Chennai',	'India',	'Ченнаи',	'Индия'),
(10,	'Chittagong',	'Bangladesh',	'Читтагонг',	'Бангладеш'),
(11,	'Chongqing',	'China',	'Чунцин',	'Китай'),
(12,	'Cochin',	'India',	'Кочин',	'Индия'),
(13,	'Dafeng',	'China',	'Дафэн',	'Китай'),
(14,	'Dalian',	'China',	'Далянь',	'Китай'),
(15,	'Damietta',	'Egypt',	'Дамиетта',	'Египет'),
(16,	'Dammam',	'Saudi Arabia',	'Даммам',	'Саудовская Аравия'),
(17,	'Dar Es Salaam',	'Tanzania',	'Дар-эс-Салам',	'Танзания'),
(18,	'Djibouti',	'Djibouti',	'Джибути',	'Джибути'),
(19,	'Fuling',	'China',	'Фулин',	'Китай'),
(20,	'Haiphong',	'Vietnam',	'Хайфон',	'Вьетнам'),
(21,	'Haldia',	'India',	'Халдия',	'Индия'),
(22,	'Ho Chi Minh',	'Vietnam',	'Хошимин',	'Вьетнам'),
(23,	'Jakarta',	'Indonesia',	'Джакарта',	'Индонезия'),
(24,	'Jebel Ali',	'UAE',	'Джебель Али',	'ОАЭ'),
(25,	'Jiangyin',	'China',	'Цзянъинь',	'Китай'),
(26,	'Jiangyin, Jiangsu',	'China',	'Цзянъинь, Цзянсу',	'Китай'),
(27,	'Jiujiang',	'China',	'Цзюцзян',	'Китай'),
(28,	'Kaohsiung',	'Taiwan',	'Гаосюн',	'Тайвань'),
(29,	'Keelung',	'Taiwan',	'Килунг',	'Тайвань'),
(30,	'Kolkata',	'India',	'Калькутта',	'Индия'),
(31,	'Lat Krabang',	'Thailand',	'Латкрабанг',	'Таиланд'),
(32,	'Laem Chabang',	'Thailand',	'Лаем-Чабанг',	'Таиланд'),
(33,	'Lianyungang',	'China',	'Ляньюньган',	'Китай'),
(34,	'Luzhou',	'China',	'Лучжоу',	'Китай'),
(35,	'Manila',	'Philippines',	'Манила',	'Филиппины'),
(36,	'Marport',	'Turkey',	'Марпорт',	'Турция'),
(37,	'Mawei',	'China',	'Мавэй',	'Китай'),
(38,	'Mombasa',	'Kenya',	'Момбаса',	'Кения'),
(39,	'Mundra',	'India',	'Мундра',	'Индия'),
(40,	'Nanchang',	'China',	'Наньчан',	'Китай'),
(41,	'Nanjing',	'China',	'Нанкин',	'Китай'),
(42,	'Nantong',	'China',	'Наньтун',	'Китай'),
(43,	'Nhava Sheva',	'India',	'Нава-Шева',	'Индия'),
(44,	'Pasir Gudang',	'Malaysia',	'Пасир-Гуданг',	'Малайзия'),
(45,	'Penang',	'Malaysia',	'Пинанг',	'Малайзия'),
(46,	'Phnom Penh',	'Cambodia',	'Пномпень',	'Камбоджа'),
(47,	'Port Klang',	'Malaysia',	'Порт-Кланг',	'Малайзия'),
(48,	'Qingdao',	'China',	'Циндао',	'Китай'),
(49,	'Semarang',	'Indonesia',	'Семаранг',	'Индонезия'),
(50,	'Singapore',	'Singapore',	'Сингапур',	'Сингапур'),
(51,	'Surabaya',	'Indonesia',	'Сурабая',	'Индонезия'),
(52,	'Taicang',	'China',	'Тайцан',	'Китай'),
(53,	'Taichung',	'Taiwan',	'Тайчжун',	'Тайвань'),
(54,	'Taipei',	'Taiwan',	'Тайбэй',	'Тайвань'),
(55,	'Taizhou',	'China',	'Тайчжоу',	'Китай'),
(56,	'Tianjin',	'China',	'Тяньцзинь',	'Китай'),
(57,	'Tuticorin',	'India',	'Тутикорин',	'Индия'),
(58,	'Visakhapatnam',	'India',	'Вишакхапатнам',	'Индия'),
(59,	'Wanzhou',	'China',	'Ваньчжоу',	'Китай'),
(60,	'Wenzhou',	'China',	'Вэньчжоу',	'Китай'),
(61,	'Wuhan',	'China',	'Ухань',	'Китай'),
(62,	'Wuhu',	'China',	'Уху',	'Китай'),
(63,	'Xiamen',	'China',	'Сямынь',	'Китай'),
(64,	'Yangon',	'Myanmar',	'Янгон',	'Мьянма'),
(65,	'Yangzhou',	'China',	'Янчжоу',	'Китай'),
(66,	'Yibin',	'China',	'Ибинь',	'Китай'),
(67,	'Yichang',	'China',	'Ичан',	'Китай'),
(68,	'Yueyang',	'China',	'Юэян',	'Китай'),
(69,	'Zhangjiagang',	'China',	'Чжанцзяган',	'Китай'),
(70,	'Zhapu',	'China',	'Жапу',	'Китай'),
(71,	'Zhenjiang',	'China',	'Чжэньцзян',	'Китай'),
(72,	'Beldeport',	'Turkey',	'Бельдепорт',	'Турция'),
(73,	'Yokohama',	'Japan',	'Йокогама',	'Япония'),
(74,	'Kobe',	'Japan',	'Кобе',	'Япония'),
(75,	'Rizhao',	'China',	'Жичжао',	'Китай'),
(76,	'Ningbo',	'China',	'Нинбо',	'Китай'),
(77,	'Shanghai',	'China',	'Шанхай',	'Китай'),
(78,	'Busan',	'South Korea',	'Пусан',	'Южная Корея'),
(79,	'Kaliningrad',	'Russia',	'Калининград',	'Россия'),
(80,	'St. Petersburg',	'Russia',	'Санкт-Петербург',	'Россия'),
(81,	'Novorossiysk',	'Russia',	'Новороссийск',	'Россия'),
(82,	'Vladivostok',	'Russia',	'Владивосток',	'Россия'),
(83,	'Vrangel Bay',	'Russia',	'порт Врангель',	'Россия'),
(84,	'Yekaterinburg',	'Russia',	'Екатеринбург',	'Россия'),
(85,	'Irkutsk',	'Russia',	'Иркутск',	'Россия'),
(86,	'Krasnoyarsk',	'Russia',	'Красноярск',	'Россия'),
(87,	'Moscow',	'Russia',	'Москва',	'Россия'),
(88,	'Novosibirsk',	'Russia',	'Новосибирск',	'Россия'),
(89,	'Rostov-on-Don',	'Russia',	'Ростов-на-Дону',	'Россия'),
(90,	'Togliatti',	'Russia',	'Тольятти',	'Россия'),
(91,	'Samara',	'Russia',	'Самара',	'Россия'),
(92,	'Nansha',	'China',	'Наньша',	'Китай'),
(93,	'Yantian',	'China',	'Яньтянь',	'Китай'),
(107,	'Colombo',	'Sri Lanka',	'Коломбо',	'Шри-Ланка'),
(108,	'Santos',	'Brazil',	'Сантос',	'Бразилия'),
(109,	'Rio Grande',	'Brazil',	'Рио-Гранде',	'Бразилия'),
(110,	'Paranague',	'Brazil',	'Паранагуа',	'Бразилия'),
(111,	'Vitoria',	'Brazil',	'Витория',	'Бразилия'),
(112,	'Itaguai',	'Brazil',	'Итагуаи',	'Бразилия'),
(113,	'Buenos Aires',	'Argentina',	'Буэнос-Айрес ',	'Аргентина'),
(114,	'Valparaiso',	'Chili',	'Вальпараисо',	'Чили'),
(116,	'Huangpu',	'China',	'Хуанпу',	'Китай'),
(117,	'Shekou',	'China',	'Шекоу',	'Китай'),
(119,	'Guangzhou',	'China',	'Гуанчжоу',	'Китай');

CREATE TABLE `rail_routes` (
  `id` int(11) NOT NULL AUTO_INCREMENT,
  `company_id` int(11) NOT NULL,
  `container_id` int(11) NOT NULL,
  `start_point_id` int(11) NOT NULL,
  `end_point_id` int(11) NOT NULL,
  `effective_from` datetime NOT NULL,
  `effective_to` datetime NOT NULL,
  `price` float NOT NULL,
  `drop` float NOT NULL,
  `guard` float DEFAULT NULL,
  PRIMARY KEY (`id`),
  UNIQUE KEY `company_id` (`company_id`,`container_id`,`start_point_id`,`end_point_id`,`effective_from`,`effective_to`),
  KEY `container_id` (`container_id`),
  KEY `start_point_id` (`start_point_id`),
  KEY `end_point_id` (`end_point_id`),
  CONSTRAINT `rail_routes_ibfk_1` FOREIGN KEY (`company_id`) REFERENCES `companies` (`id`),
  CONSTRAINT `rail_routes_ibfk_2` FOREIGN KEY (`container_id`) REFERENCES `containers` (`id`),
  CONSTRAINT `rail_routes_ibfk_3` FOREIGN KEY (`start_point_id`) REFERENCES `points` (`id`),
  CONSTRAINT `rail_routes_ibfk_4` FOREIGN KEY (`end_point_id`) REFERENCES `points` (`id`)
) ENGINE=InnoDB DEFAULT CHARSET=utf8mb4 COLLATE=utf8mb4_unicode_ci;

INSERT INTO `rail_routes` (`id`, `company_id`, `container_id`, `start_point_id`, `end_point_id`, `effective_from`, `effective_to`, `price`, `drop`, `guard`) VALUES
(271,	10,	6,	81,	87,	'2025-06-16 00:00:00',	'2025-06-30 00:00:00',	57800,	350,	5000),
(272,	10,	7,	81,	87,	'2025-06-16 00:00:00',	'2025-06-30 00:00:00',	66500,	350,	5000),
(273,	10,	8,	81,	87,	'2025-06-16 00:00:00',	'2025-06-30 00:00:00',	77000,	600,	6000),
(274,	10,	6,	83,	84,	'2025-06-16 00:00:00',	'2025-06-30 00:00:00',	182200,	800,	3362),
(275,	10,	7,	83,	84,	'2025-06-16 00:00:00',	'2025-06-30 00:00:00',	205300,	800,	3362),
(276,	10,	8,	83,	84,	'2025-06-16 00:00:00',	'2025-06-30 00:00:00',	300800,	600,	6809),
(277,	10,	6,	83,	87,	'2025-06-16 00:00:00',	'2025-06-30 00:00:00',	148000,	350,	4250),
(278,	10,	7,	83,	87,	'2025-06-16 00:00:00',	'2025-06-30 00:00:00',	173000,	350,	4250),
(279,	10,	8,	83,	87,	'2025-06-16 00:00:00',	'2025-06-30 00:00:00',	238000,	600,	8492),
(280,	10,	6,	83,	88,	'2025-06-16 00:00:00',	'2025-06-30 00:00:00',	148700,	3000,	2950),
(281,	10,	7,	83,	88,	'2025-06-16 00:00:00',	'2025-06-30 00:00:00',	168600,	3000,	2950),
(282,	10,	8,	83,	88,	'2025-06-16 00:00:00',	'2025-06-30 00:00:00',	247900,	600,	6103),
(283,	10,	6,	81,	87,	'2025-06-01 00:00:00',	'2025-06-15 00:00:00',	57800,	350,	5000),
(284,	10,	7,	81,	87,	'2025-06-01 00:00:00',	'2025-06-15 00:00:00',	66500,	350,	5000),
(285,	10,	8,	81,	87,	'2025-06-01 00:00:00',	'2025-06-15 00:00:00',	77000,	600,	6000),
(286,	10,	6,	82,	87,	'2025-06-01 00:00:00',	'2025-06-15 00:00:00',	164000,	350,	NULL),
(287,	10,	7,	82,	87,	'2025-06-01 00:00:00',	'2025-06-15 00:00:00',	191000,	350,	NULL),
(288,	10,	8,	82,	87,	'2025-06-01 00:00:00',	'2025-06-15 00:00:00',	243000,	600,	11250),
(289,	10,	6,	83,	84,	'2025-06-01 00:00:00',	'2025-06-15 00:00:00',	182200,	800,	3362),
(290,	10,	7,	83,	84,	'2025-06-01 00:00:00',	'2025-06-15 00:00:00',	205300,	800,	3362),
(291,	10,	8,	83,	84,	'2025-06-01 00:00:00',	'2025-06-15 00:00:00',	300800,	600,	6809),
(292,	10,	6,	83,	87,	'2025-06-01 00:00:00',	'2025-06-15 00:00:00',	148000,	350,	4250),
(293,	10,	7,	83,	87,	'2025-06-01 00:00:00',	'2025-06-15 00:00:00',	173000,	350,	4250),
(294,	10,	8,	83,	87,	'2025-06-01 00:00:00',	'2025-06-15 00:00:00',	238000,	600,	8492),
(295,	10,	6,	83,	88,	'2025-06-01 00:00:00',	'2025-06-15 00:00:00',	148700,	3000,	2950),
(296,	10,	7,	83,	88,	'2025-06-01 00:00:00',	'2025-06-15 00:00:00',	168600,	3000,	2950),
(297,	10,	8,	83,	88,	'2025-06-01 00:00:00',	'2025-06-15 00:00:00',	247900,	600,	6103),
(314,	10,	6,	81,	87,	'2025-07-01 00:00:00',	'2025-07-15 00:00:00',	57800,	350,	5000),
(315,	10,	7,	81,	87,	'2025-07-01 00:00:00',	'2025-07-15 00:00:00',	66500,	350,	5000),
(316,	10,	8,	81,	87,	'2025-07-01 00:00:00',	'2025-07-15 00:00:00',	77000,	600,	6000),
(317,	10,	6,	83,	84,	'2025-07-01 00:00:00',	'2025-07-15 00:00:00',	182200,	800,	3362),
(318,	10,	7,	83,	84,	'2025-07-01 00:00:00',	'2025-07-15 00:00:00',	205300,	800,	3362),
(319,	10,	8,	83,	84,	'2025-07-01 00:00:00',	'2025-07-15 00:00:00',	300800,	600,	6809),
(320,	10,	6,	83,	87,	'2025-07-01 00:00:00',	'2025-07-15 00:00:00',	148000,	350,	4250),
(321,	10,	7,	83,	87,	'2025-07-01 00:00:00',	'2025-07-15 00:00:00',	173000,	350,	4250),
(322,	10,	8,	83,	87,	'2025-07-01 00:00:00',	'2025-07-15 00:00:00',	238000,	600,	8492),
(323,	10,	6,	83,	88,	'2025-07-01 00:00:00',	'2025-07-15 00:00:00',	148700,	3000,	2950),
(324,	10,	7,	83,	88,	'2025-07-01 00:00:00',	'2025-07-15 00:00:00',	168600,	3000,	2950),
(325,	10,	8,	83,	88,	'2025-07-01 00:00:00',	'2025-07-15 00:00:00',	247900,	600,	6103),
(326,	11,	8,	56,	87,	'2025-07-01 00:00:00',	'2025-07-30 00:00:00',	318046,	0,	NULL),
(327,	11,	8,	48,	87,	'2025-07-01 00:00:00',	'2025-07-30 00:00:00',	318046,	0,	NULL),
(328,	11,	8,	77,	87,	'2025-07-01 00:00:00',	'2025-07-30 00:00:00',	321973,	0,	NULL),
(329,	11,	8,	76,	87,	'2025-07-01 00:00:00',	'2025-07-30 00:00:00',	325900,	0,	NULL),
(330,	11,	8,	92,	87,	'2025-07-01 00:00:00',	'2025-07-30 00:00:00',	349458,	0,	NULL),
(331,	11,	8,	119,	87,	'2025-07-01 00:00:00',	'2025-07-30 00:00:00',	349458,	0,	NULL),
(332,	11,	8,	56,	80,	'2025-07-01 00:00:00',	'2025-07-30 00:00:00',	412282,	0,	NULL),
(333,	11,	8,	48,	80,	'2025-07-01 00:00:00',	'2025-07-30 00:00:00',	412282,	0,	NULL),
(334,	11,	8,	77,	80,	'2025-07-01 00:00:00',	'2025-07-30 00:00:00',	376944,	0,	NULL),
(335,	11,	8,	76,	80,	'2025-07-01 00:00:00',	'2025-07-30 00:00:00',	408356,	0,	NULL),
(336,	11,	8,	92,	80,	'2025-07-01 00:00:00',	'2025-07-30 00:00:00',	392650,	0,	NULL),
(337,	11,	8,	119,	80,	'2025-07-01 00:00:00',	'2025-07-30 00:00:00',	392650,	0,	NULL);

CREATE TABLE `sea_routes` (
  `id` int(11) NOT NULL AUTO_INCREMENT,
  `company_id` int(11) NOT NULL,
  `container_id` int(11) NOT NULL,
  `start_point_id` int(11) NOT NULL,
  `end_point_id` int(11) NOT NULL,
  `effective_from` datetime NOT NULL,
  `effective_to` datetime NOT NULL,
  `fifo` float DEFAULT NULL,
  `filo` float DEFAULT NULL,
  PRIMARY KEY (`id`),
  UNIQUE KEY `company_id` (`company_id`,`container_id`,`start_point_id`,`end_point_id`,`effective_from`,`effective_to`),
  KEY `container_id` (`container_id`),
  KEY `start_point_id` (`start_point_id`),
  KEY `end_point_id` (`end_point_id`),
  CONSTRAINT `sea_routes_ibfk_1` FOREIGN KEY (`company_id`) REFERENCES `companies` (`id`),
  CONSTRAINT `sea_routes_ibfk_2` FOREIGN KEY (`container_id`) REFERENCES `containers` (`id`),
  CONSTRAINT `sea_routes_ibfk_3` FOREIGN KEY (`start_point_id`) REFERENCES `points` (`id`),
  CONSTRAINT `sea_routes_ibfk_4` FOREIGN KEY (`end_point_id`) REFERENCES `points` (`id`)
) ENGINE=InnoDB DEFAULT CHARSET=utf8mb4 COLLATE=utf8mb4_unicode_ci;

INSERT INTO `sea_routes` (`id`, `company_id`, `container_id`, `start_point_id`, `end_point_id`, `effective_from`, `effective_to`, `fifo`, `filo`) VALUES
(1,	10,	6,	1,	82,	'2025-06-01 00:00:00',	'2025-06-17 00:00:00',	1765,	2265),
(2,	10,	7,	1,	82,	'2025-06-01 00:00:00',	'2025-06-17 00:00:00',	1765,	2265),
(3,	10,	6,	1,	83,	'2025-06-01 00:00:00',	'2025-06-17 00:00:00',	1740,	2160),
(4,	10,	7,	1,	83,	'2025-06-01 00:00:00',	'2025-06-17 00:00:00',	1740,	2160),
(5,	10,	8,	1,	82,	'2025-06-01 00:00:00',	'2025-06-17 00:00:00',	3190,	3735),
(6,	10,	8,	1,	83,	'2025-06-01 00:00:00',	'2025-06-17 00:00:00',	3140,	3665),
(7,	10,	6,	2,	82,	'2025-06-01 00:00:00',	'2025-06-17 00:00:00',	1350,	1850),
(8,	10,	7,	2,	82,	'2025-06-01 00:00:00',	'2025-06-17 00:00:00',	1350,	1850),
(9,	10,	6,	2,	83,	'2025-06-01 00:00:00',	'2025-06-17 00:00:00',	1325,	1745),
(10,	10,	7,	2,	83,	'2025-06-01 00:00:00',	'2025-06-17 00:00:00',	1325,	1745),
(11,	10,	8,	2,	82,	'2025-06-01 00:00:00',	'2025-06-17 00:00:00',	1965,	2510),
(12,	10,	8,	2,	83,	'2025-06-01 00:00:00',	'2025-06-17 00:00:00',	1915,	2440),
(13,	10,	6,	3,	82,	'2025-06-01 00:00:00',	'2025-06-17 00:00:00',	1445,	1945),
(14,	10,	7,	3,	82,	'2025-06-01 00:00:00',	'2025-06-17 00:00:00',	1445,	1945),
(15,	10,	6,	3,	83,	'2025-06-01 00:00:00',	'2025-06-17 00:00:00',	1420,	1840),
(16,	10,	7,	3,	83,	'2025-06-01 00:00:00',	'2025-06-17 00:00:00',	1420,	1840),
(17,	10,	8,	3,	82,	'2025-06-01 00:00:00',	'2025-06-17 00:00:00',	2090,	2635),
(18,	10,	8,	3,	83,	'2025-06-01 00:00:00',	'2025-06-17 00:00:00',	2040,	2565),
(19,	10,	6,	4,	82,	'2025-06-01 00:00:00',	'2025-06-17 00:00:00',	4160,	4660),
(20,	10,	7,	4,	82,	'2025-06-01 00:00:00',	'2025-06-17 00:00:00',	4160,	4660),
(21,	10,	6,	4,	83,	'2025-06-01 00:00:00',	'2025-06-17 00:00:00',	4200,	4620),
(22,	10,	7,	4,	83,	'2025-06-01 00:00:00',	'2025-06-17 00:00:00',	4200,	4620),
(23,	10,	8,	4,	82,	'2025-06-01 00:00:00',	'2025-06-17 00:00:00',	5370,	5915),
(24,	10,	8,	4,	83,	'2025-06-01 00:00:00',	'2025-06-17 00:00:00',	5420,	5945),
(25,	10,	6,	5,	82,	'2025-06-01 00:00:00',	'2025-06-17 00:00:00',	735,	1235),
(26,	10,	7,	5,	82,	'2025-06-01 00:00:00',	'2025-06-17 00:00:00',	735,	1235),
(27,	10,	6,	5,	83,	'2025-06-01 00:00:00',	'2025-06-17 00:00:00',	710,	1130),
(28,	10,	7,	5,	83,	'2025-06-01 00:00:00',	'2025-06-17 00:00:00',	710,	1130),
(29,	10,	8,	5,	82,	'2025-06-01 00:00:00',	'2025-06-17 00:00:00',	1060,	1605),
(30,	10,	8,	5,	83,	'2025-06-01 00:00:00',	'2025-06-17 00:00:00',	1010,	1535),
(31,	10,	6,	6,	82,	'2025-06-01 00:00:00',	'2025-06-17 00:00:00',	1005,	1505),
(32,	10,	7,	6,	82,	'2025-06-01 00:00:00',	'2025-06-17 00:00:00',	1005,	1505),
(33,	10,	6,	6,	83,	'2025-06-01 00:00:00',	'2025-06-17 00:00:00',	980,	1400),
(34,	10,	7,	6,	83,	'2025-06-01 00:00:00',	'2025-06-17 00:00:00',	980,	1400),
(35,	10,	8,	6,	82,	'2025-06-01 00:00:00',	'2025-06-17 00:00:00',	1570,	2115),
(36,	10,	8,	6,	83,	'2025-06-01 00:00:00',	'2025-06-17 00:00:00',	1520,	2045),
(37,	10,	6,	7,	82,	'2025-06-01 00:00:00',	'2025-06-17 00:00:00',	795,	1295),
(38,	10,	7,	7,	82,	'2025-06-01 00:00:00',	'2025-06-17 00:00:00',	795,	1295),
(39,	10,	6,	7,	83,	'2025-06-01 00:00:00',	'2025-06-17 00:00:00',	770,	1190),
(40,	10,	7,	7,	83,	'2025-06-01 00:00:00',	'2025-06-17 00:00:00',	770,	1190),
(41,	10,	8,	7,	82,	'2025-06-01 00:00:00',	'2025-06-17 00:00:00',	1110,	1655),
(42,	10,	8,	7,	83,	'2025-06-01 00:00:00',	'2025-06-17 00:00:00',	1060,	1585),
(43,	10,	6,	8,	82,	'2025-06-01 00:00:00',	'2025-06-17 00:00:00',	795,	1295),
(44,	10,	7,	8,	82,	'2025-06-01 00:00:00',	'2025-06-17 00:00:00',	795,	1295),
(45,	10,	6,	8,	83,	'2025-06-01 00:00:00',	'2025-06-17 00:00:00',	770,	1190),
(46,	10,	7,	8,	83,	'2025-06-01 00:00:00',	'2025-06-17 00:00:00',	770,	1190),
(47,	10,	8,	8,	82,	'2025-06-01 00:00:00',	'2025-06-17 00:00:00',	1110,	1655),
(48,	10,	8,	8,	83,	'2025-06-01 00:00:00',	'2025-06-17 00:00:00',	1060,	1585),
(49,	10,	6,	9,	82,	'2025-06-01 00:00:00',	'2025-06-17 00:00:00',	3660,	4160),
(50,	10,	7,	9,	82,	'2025-06-01 00:00:00',	'2025-06-17 00:00:00',	3660,	4160),
(51,	10,	6,	9,	83,	'2025-06-01 00:00:00',	'2025-06-17 00:00:00',	3700,	4120),
(52,	10,	7,	9,	83,	'2025-06-01 00:00:00',	'2025-06-17 00:00:00',	3700,	4120),
(53,	10,	8,	9,	82,	'2025-06-01 00:00:00',	'2025-06-17 00:00:00',	4570,	5115),
(54,	10,	8,	9,	83,	'2025-06-01 00:00:00',	'2025-06-17 00:00:00',	4620,	5145),
(55,	10,	6,	10,	82,	'2025-06-01 00:00:00',	'2025-06-17 00:00:00',	1300,	1800),
(56,	10,	7,	10,	82,	'2025-06-01 00:00:00',	'2025-06-17 00:00:00',	1300,	1800),
(57,	10,	6,	10,	83,	'2025-06-01 00:00:00',	'2025-06-17 00:00:00',	1275,	1695),
(58,	10,	7,	10,	83,	'2025-06-01 00:00:00',	'2025-06-17 00:00:00',	1275,	1695),
(59,	10,	8,	10,	82,	'2025-06-01 00:00:00',	'2025-06-17 00:00:00',	2250,	2795),
(60,	10,	8,	10,	83,	'2025-06-01 00:00:00',	'2025-06-17 00:00:00',	2200,	2725),
(61,	10,	6,	11,	82,	'2025-06-01 00:00:00',	'2025-06-17 00:00:00',	1035,	1535),
(62,	10,	7,	11,	82,	'2025-06-01 00:00:00',	'2025-06-17 00:00:00',	1035,	1535),
(63,	10,	6,	11,	83,	'2025-06-01 00:00:00',	'2025-06-17 00:00:00',	1010,	1430),
(64,	10,	7,	11,	83,	'2025-06-01 00:00:00',	'2025-06-17 00:00:00',	1010,	1430),
(65,	10,	8,	11,	82,	'2025-06-01 00:00:00',	'2025-06-17 00:00:00',	1700,	2245),
(66,	10,	8,	11,	83,	'2025-06-01 00:00:00',	'2025-06-17 00:00:00',	1650,	2175),
(67,	10,	6,	12,	82,	'2025-06-01 00:00:00',	'2025-06-17 00:00:00',	3660,	4160),
(68,	10,	7,	12,	82,	'2025-06-01 00:00:00',	'2025-06-17 00:00:00',	3660,	4160),
(69,	10,	6,	12,	83,	'2025-06-01 00:00:00',	'2025-06-17 00:00:00',	3700,	4120),
(70,	10,	7,	12,	83,	'2025-06-01 00:00:00',	'2025-06-17 00:00:00',	3700,	4120),
(71,	10,	8,	12,	82,	'2025-06-01 00:00:00',	'2025-06-17 00:00:00',	4570,	5115),
(72,	10,	8,	12,	83,	'2025-06-01 00:00:00',	'2025-06-17 00:00:00',	4620,	5145),
(73,	10,	6,	13,	82,	'2025-06-01 00:00:00',	'2025-06-17 00:00:00',	735,	1235),
(74,	10,	7,	13,	82,	'2025-06-01 00:00:00',	'2025-06-17 00:00:00',	735,	1235),
(75,	10,	6,	13,	83,	'2025-06-01 00:00:00',	'2025-06-17 00:00:00',	710,	1130),
(76,	10,	7,	13,	83,	'2025-06-01 00:00:00',	'2025-06-17 00:00:00',	710,	1130),
(77,	10,	8,	13,	82,	'2025-06-01 00:00:00',	'2025-06-17 00:00:00',	1010,	1555),
(78,	10,	8,	13,	83,	'2025-06-01 00:00:00',	'2025-06-17 00:00:00',	960,	1485),
(79,	10,	6,	14,	82,	'2025-06-01 00:00:00',	'2025-06-17 00:00:00',	575,	1075),
(80,	10,	7,	14,	82,	'2025-06-01 00:00:00',	'2025-06-17 00:00:00',	575,	1075),
(81,	10,	6,	14,	83,	'2025-06-01 00:00:00',	'2025-06-17 00:00:00',	550,	970),
(82,	10,	7,	14,	83,	'2025-06-01 00:00:00',	'2025-06-17 00:00:00',	550,	970),
(83,	10,	8,	14,	82,	'2025-06-01 00:00:00',	'2025-06-17 00:00:00',	840,	1385),
(84,	10,	8,	14,	83,	'2025-06-01 00:00:00',	'2025-06-17 00:00:00',	790,	1315),
(85,	10,	6,	15,	82,	'2025-06-01 00:00:00',	'2025-06-17 00:00:00',	3260,	3760),
(86,	10,	7,	15,	82,	'2025-06-01 00:00:00',	'2025-06-17 00:00:00',	3260,	3760),
(87,	10,	6,	15,	83,	'2025-06-01 00:00:00',	'2025-06-17 00:00:00',	3300,	3720),
(88,	10,	7,	15,	83,	'2025-06-01 00:00:00',	'2025-06-17 00:00:00',	3300,	3720),
(89,	10,	8,	15,	82,	'2025-06-01 00:00:00',	'2025-06-17 00:00:00',	4070,	4615),
(90,	10,	8,	15,	83,	'2025-06-01 00:00:00',	'2025-06-17 00:00:00',	4120,	4645),
(91,	10,	6,	16,	82,	'2025-06-01 00:00:00',	'2025-06-17 00:00:00',	3760,	4260),
(92,	10,	7,	16,	82,	'2025-06-01 00:00:00',	'2025-06-17 00:00:00',	3760,	4260),
(93,	10,	6,	16,	83,	'2025-06-01 00:00:00',	'2025-06-17 00:00:00',	3735,	4155),
(94,	10,	7,	16,	83,	'2025-06-01 00:00:00',	'2025-06-17 00:00:00',	3735,	4155),
(95,	10,	8,	16,	82,	'2025-06-01 00:00:00',	'2025-06-17 00:00:00',	6070,	6615),
(96,	10,	8,	16,	83,	'2025-06-01 00:00:00',	'2025-06-17 00:00:00',	6020,	6545),
(97,	10,	6,	17,	82,	'2025-06-01 00:00:00',	'2025-06-17 00:00:00',	4460,	4960),
(98,	10,	7,	17,	82,	'2025-06-01 00:00:00',	'2025-06-17 00:00:00',	4460,	4960),
(99,	10,	6,	17,	83,	'2025-06-01 00:00:00',	'2025-06-17 00:00:00',	4500,	4920),
(100,	10,	7,	17,	83,	'2025-06-01 00:00:00',	'2025-06-17 00:00:00',	4500,	4920),
(101,	10,	8,	17,	82,	'2025-06-01 00:00:00',	'2025-06-17 00:00:00',	5270,	5815),
(102,	10,	8,	17,	83,	'2025-06-01 00:00:00',	'2025-06-17 00:00:00',	5320,	5845),
(103,	10,	6,	18,	82,	'2025-06-01 00:00:00',	'2025-06-17 00:00:00',	5760,	6260),
(104,	10,	7,	18,	82,	'2025-06-01 00:00:00',	'2025-06-17 00:00:00',	5760,	6260),
(105,	10,	6,	18,	83,	'2025-06-01 00:00:00',	'2025-06-17 00:00:00',	5800,	6220),
(106,	10,	7,	18,	83,	'2025-06-01 00:00:00',	'2025-06-17 00:00:00',	5800,	6220),
(107,	10,	8,	18,	82,	'2025-06-01 00:00:00',	'2025-06-17 00:00:00',	6570,	7115),
(108,	10,	8,	18,	83,	'2025-06-01 00:00:00',	'2025-06-17 00:00:00',	6620,	7145),
(109,	10,	6,	19,	82,	'2025-06-01 00:00:00',	'2025-06-17 00:00:00',	1035,	1535),
(110,	10,	7,	19,	82,	'2025-06-01 00:00:00',	'2025-06-17 00:00:00',	1035,	1535),
(111,	10,	6,	19,	83,	'2025-06-01 00:00:00',	'2025-06-17 00:00:00',	1010,	1430),
(112,	10,	7,	19,	83,	'2025-06-01 00:00:00',	'2025-06-17 00:00:00',	1010,	1430),
(113,	10,	8,	19,	82,	'2025-06-01 00:00:00',	'2025-06-17 00:00:00',	1700,	2245),
(114,	10,	8,	19,	83,	'2025-06-01 00:00:00',	'2025-06-17 00:00:00',	1650,	2175),
(115,	10,	6,	20,	82,	'2025-06-01 00:00:00',	'2025-06-17 00:00:00',	925,	1425),
(116,	10,	7,	20,	82,	'2025-06-01 00:00:00',	'2025-06-17 00:00:00',	925,	1425),
(117,	10,	8,	20,	82,	'2025-06-01 00:00:00',	'2025-06-17 00:00:00',	1540,	2085),
(118,	10,	6,	20,	83,	'2025-06-01 00:00:00',	'2025-06-17 00:00:00',	900,	1320),
(119,	10,	7,	20,	83,	'2025-06-01 00:00:00',	'2025-06-17 00:00:00',	900,	1320),
(120,	10,	8,	20,	83,	'2025-06-01 00:00:00',	'2025-06-17 00:00:00',	1490,	2015),
(121,	10,	6,	21,	82,	'2025-06-01 00:00:00',	'2025-06-17 00:00:00',	3660,	4160),
(122,	10,	7,	21,	82,	'2025-06-01 00:00:00',	'2025-06-17 00:00:00',	3660,	4160),
(123,	10,	6,	21,	83,	'2025-06-01 00:00:00',	'2025-06-17 00:00:00',	3700,	4120),
(124,	10,	7,	21,	83,	'2025-06-01 00:00:00',	'2025-06-17 00:00:00',	3700,	4120),
(125,	10,	8,	21,	82,	'2025-06-01 00:00:00',	'2025-06-17 00:00:00',	4570,	5115),
(126,	10,	8,	21,	83,	'2025-06-01 00:00:00',	'2025-06-17 00:00:00',	4620,	5145),
(127,	10,	6,	22,	82,	'2025-06-01 00:00:00',	'2025-06-17 00:00:00',	925,	1425),
(128,	10,	7,	22,	82,	'2025-06-01 00:00:00',	'2025-06-17 00:00:00',	925,	1425),
(129,	10,	6,	22,	83,	'2025-06-01 00:00:00',	'2025-06-17 00:00:00',	900,	1320),
(130,	10,	7,	22,	83,	'2025-06-01 00:00:00',	'2025-06-17 00:00:00',	900,	1320),
(131,	10,	8,	22,	82,	'2025-06-01 00:00:00',	'2025-06-17 00:00:00',	1540,	2085),
(132,	10,	8,	22,	83,	'2025-06-01 00:00:00',	'2025-06-17 00:00:00',	1490,	2015),
(133,	10,	6,	23,	82,	'2025-06-01 00:00:00',	'2025-06-17 00:00:00',	1150,	1650),
(134,	10,	7,	23,	82,	'2025-06-01 00:00:00',	'2025-06-17 00:00:00',	1150,	1650),
(135,	10,	6,	23,	83,	'2025-06-01 00:00:00',	'2025-06-17 00:00:00',	1125,	1545),
(136,	10,	7,	23,	83,	'2025-06-01 00:00:00',	'2025-06-17 00:00:00',	1125,	1545),
(137,	10,	8,	23,	82,	'2025-06-01 00:00:00',	'2025-06-17 00:00:00',	1565,	2110),
(138,	10,	8,	23,	83,	'2025-06-01 00:00:00',	'2025-06-17 00:00:00',	1515,	2040),
(139,	10,	6,	24,	82,	'2025-06-01 00:00:00',	'2025-06-17 00:00:00',	3460,	3960),
(140,	10,	7,	24,	82,	'2025-06-01 00:00:00',	'2025-06-17 00:00:00',	3460,	3960),
(141,	10,	6,	24,	83,	'2025-06-01 00:00:00',	'2025-06-17 00:00:00',	3500,	3920),
(142,	10,	7,	24,	83,	'2025-06-01 00:00:00',	'2025-06-17 00:00:00',	3500,	3920),
(143,	10,	8,	24,	82,	'2025-06-01 00:00:00',	'2025-06-17 00:00:00',	5770,	6315),
(144,	10,	8,	24,	83,	'2025-06-01 00:00:00',	'2025-06-17 00:00:00',	5820,	6345),
(145,	10,	6,	25,	82,	'2025-06-01 00:00:00',	'2025-06-17 00:00:00',	795,	1295),
(146,	10,	7,	25,	82,	'2025-06-01 00:00:00',	'2025-06-17 00:00:00',	795,	1295),
(147,	10,	6,	25,	83,	'2025-06-01 00:00:00',	'2025-06-17 00:00:00',	770,	1190),
(148,	10,	7,	25,	83,	'2025-06-01 00:00:00',	'2025-06-17 00:00:00',	770,	1190),
(149,	10,	8,	25,	82,	'2025-06-01 00:00:00',	'2025-06-17 00:00:00',	1110,	1655),
(150,	10,	8,	25,	83,	'2025-06-01 00:00:00',	'2025-06-17 00:00:00',	1060,	1585),
(151,	10,	6,	26,	82,	'2025-06-01 00:00:00',	'2025-06-17 00:00:00',	825,	1325),
(152,	10,	7,	26,	82,	'2025-06-01 00:00:00',	'2025-06-17 00:00:00',	825,	1325),
(153,	10,	6,	26,	83,	'2025-06-01 00:00:00',	'2025-06-17 00:00:00',	800,	1220),
(154,	10,	7,	26,	83,	'2025-06-01 00:00:00',	'2025-06-17 00:00:00',	800,	1220),
(155,	10,	8,	26,	82,	'2025-06-01 00:00:00',	'2025-06-17 00:00:00',	1210,	1755),
(156,	10,	8,	26,	83,	'2025-06-01 00:00:00',	'2025-06-17 00:00:00',	1160,	1685),
(157,	10,	6,	27,	82,	'2025-06-01 00:00:00',	'2025-06-17 00:00:00',	855,	1355),
(158,	10,	7,	27,	82,	'2025-06-01 00:00:00',	'2025-06-17 00:00:00',	855,	1355),
(159,	10,	6,	27,	83,	'2025-06-01 00:00:00',	'2025-06-17 00:00:00',	830,	1250),
(160,	10,	7,	27,	83,	'2025-06-01 00:00:00',	'2025-06-17 00:00:00',	830,	1250),
(161,	10,	8,	27,	82,	'2025-06-01 00:00:00',	'2025-06-17 00:00:00',	1230,	1775),
(162,	10,	8,	27,	83,	'2025-06-01 00:00:00',	'2025-06-17 00:00:00',	1180,	1705),
(163,	10,	6,	28,	82,	'2025-06-01 00:00:00',	'2025-06-17 00:00:00',	1475,	1975),
(164,	10,	7,	28,	82,	'2025-06-01 00:00:00',	'2025-06-17 00:00:00',	1475,	1975),
(165,	10,	6,	28,	83,	'2025-06-01 00:00:00',	'2025-06-17 00:00:00',	1450,	1870),
(166,	10,	7,	28,	83,	'2025-06-01 00:00:00',	'2025-06-17 00:00:00',	1450,	1870),
(167,	10,	8,	28,	82,	'2025-06-01 00:00:00',	'2025-06-17 00:00:00',	2240,	2785),
(168,	10,	8,	28,	83,	'2025-06-01 00:00:00',	'2025-06-17 00:00:00',	2190,	2715),
(169,	10,	6,	29,	82,	'2025-06-01 00:00:00',	'2025-06-17 00:00:00',	1475,	1975),
(170,	10,	7,	29,	82,	'2025-06-01 00:00:00',	'2025-06-17 00:00:00',	1475,	1975),
(171,	10,	6,	29,	83,	'2025-06-01 00:00:00',	'2025-06-17 00:00:00',	1450,	1870),
(172,	10,	7,	29,	83,	'2025-06-01 00:00:00',	'2025-06-17 00:00:00',	1450,	1870),
(173,	10,	8,	29,	82,	'2025-06-01 00:00:00',	'2025-06-17 00:00:00',	2240,	2785),
(174,	10,	8,	29,	83,	'2025-06-01 00:00:00',	'2025-06-17 00:00:00',	2190,	2715),
(175,	10,	6,	30,	82,	'2025-06-01 00:00:00',	'2025-06-17 00:00:00',	3660,	4160),
(176,	10,	7,	30,	82,	'2025-06-01 00:00:00',	'2025-06-17 00:00:00',	3660,	4160),
(177,	10,	6,	30,	83,	'2025-06-01 00:00:00',	'2025-06-17 00:00:00',	3700,	4120),
(178,	10,	7,	30,	83,	'2025-06-01 00:00:00',	'2025-06-17 00:00:00',	3700,	4120),
(179,	10,	8,	30,	82,	'2025-06-01 00:00:00',	'2025-06-17 00:00:00',	4570,	5115),
(180,	10,	8,	30,	83,	'2025-06-01 00:00:00',	'2025-06-17 00:00:00',	4620,	5145),
(181,	10,	6,	31,	82,	'2025-06-01 00:00:00',	'2025-06-17 00:00:00',	1350,	1850),
(182,	10,	7,	31,	82,	'2025-06-01 00:00:00',	'2025-06-17 00:00:00',	1350,	1850),
(183,	10,	6,	31,	83,	'2025-06-01 00:00:00',	'2025-06-17 00:00:00',	1325,	1745),
(184,	10,	7,	31,	83,	'2025-06-01 00:00:00',	'2025-06-17 00:00:00',	1325,	1745),
(185,	10,	8,	31,	82,	'2025-06-01 00:00:00',	'2025-06-17 00:00:00',	1965,	2510),
(186,	10,	8,	31,	83,	'2025-06-01 00:00:00',	'2025-06-17 00:00:00',	1915,	2440),
(187,	10,	6,	32,	82,	'2025-06-01 00:00:00',	'2025-06-17 00:00:00',	1350,	1850),
(188,	10,	7,	32,	82,	'2025-06-01 00:00:00',	'2025-06-17 00:00:00',	1350,	1850),
(189,	10,	6,	32,	83,	'2025-06-01 00:00:00',	'2025-06-17 00:00:00',	1325,	1745),
(190,	10,	7,	32,	83,	'2025-06-01 00:00:00',	'2025-06-17 00:00:00',	1325,	1745),
(191,	10,	8,	32,	82,	'2025-06-01 00:00:00',	'2025-06-17 00:00:00',	1965,	2510),
(192,	10,	8,	32,	83,	'2025-06-01 00:00:00',	'2025-06-17 00:00:00',	1915,	2440),
(193,	10,	6,	33,	82,	'2025-06-01 00:00:00',	'2025-06-17 00:00:00',	805,	1305),
(194,	10,	7,	33,	82,	'2025-06-01 00:00:00',	'2025-06-17 00:00:00',	805,	1305),
(195,	10,	6,	33,	83,	'2025-06-01 00:00:00',	'2025-06-17 00:00:00',	780,	1200),
(196,	10,	7,	33,	83,	'2025-06-01 00:00:00',	'2025-06-17 00:00:00',	780,	1200),
(197,	10,	8,	33,	82,	'2025-06-01 00:00:00',	'2025-06-17 00:00:00',	1200,	1745),
(198,	10,	8,	33,	83,	'2025-06-01 00:00:00',	'2025-06-17 00:00:00',	1150,	1675),
(199,	10,	6,	34,	82,	'2025-06-01 00:00:00',	'2025-06-17 00:00:00',	1065,	1565),
(200,	10,	7,	34,	82,	'2025-06-01 00:00:00',	'2025-06-17 00:00:00',	1065,	1565),
(201,	10,	6,	34,	83,	'2025-06-01 00:00:00',	'2025-06-17 00:00:00',	1040,	1460),
(202,	10,	7,	34,	83,	'2025-06-01 00:00:00',	'2025-06-17 00:00:00',	1040,	1460),
(203,	10,	8,	34,	82,	'2025-06-01 00:00:00',	'2025-06-17 00:00:00',	1760,	2305),
(204,	10,	8,	34,	83,	'2025-06-01 00:00:00',	'2025-06-17 00:00:00',	1710,	2235),
(205,	10,	6,	35,	82,	'2025-06-01 00:00:00',	'2025-06-17 00:00:00',	1820,	2320),
(206,	10,	7,	35,	82,	'2025-06-01 00:00:00',	'2025-06-17 00:00:00',	1820,	2320),
(207,	10,	6,	35,	83,	'2025-06-01 00:00:00',	'2025-06-17 00:00:00',	1795,	2215),
(208,	10,	7,	35,	83,	'2025-06-01 00:00:00',	'2025-06-17 00:00:00',	1795,	2215),
(209,	10,	8,	35,	82,	'2025-06-01 00:00:00',	'2025-06-17 00:00:00',	2875,	3420),
(210,	10,	8,	35,	83,	'2025-06-01 00:00:00',	'2025-06-17 00:00:00',	2825,	3350),
(211,	10,	6,	36,	82,	'2025-06-01 00:00:00',	'2025-06-17 00:00:00',	4160,	4660),
(212,	10,	7,	36,	82,	'2025-06-01 00:00:00',	'2025-06-17 00:00:00',	4160,	4660),
(213,	10,	6,	36,	83,	'2025-06-01 00:00:00',	'2025-06-17 00:00:00',	4200,	4620),
(214,	10,	7,	36,	83,	'2025-06-01 00:00:00',	'2025-06-17 00:00:00',	4200,	4620),
(215,	10,	8,	36,	82,	'2025-06-01 00:00:00',	'2025-06-17 00:00:00',	5370,	5915),
(216,	10,	8,	36,	83,	'2025-06-01 00:00:00',	'2025-06-17 00:00:00',	5420,	5945),
(217,	10,	6,	37,	82,	'2025-06-01 00:00:00',	'2025-06-17 00:00:00',	795,	1295),
(218,	10,	7,	37,	82,	'2025-06-01 00:00:00',	'2025-06-17 00:00:00',	795,	1295),
(219,	10,	6,	37,	83,	'2025-06-01 00:00:00',	'2025-06-17 00:00:00',	770,	1190),
(220,	10,	7,	37,	83,	'2025-06-01 00:00:00',	'2025-06-17 00:00:00',	770,	1190),
(221,	10,	8,	37,	82,	'2025-06-01 00:00:00',	'2025-06-17 00:00:00',	1180,	1725),
(222,	10,	8,	37,	83,	'2025-06-01 00:00:00',	'2025-06-17 00:00:00',	1130,	1655),
(223,	10,	6,	38,	82,	'2025-06-01 00:00:00',	'2025-06-17 00:00:00',	4460,	4960),
(224,	10,	7,	38,	82,	'2025-06-01 00:00:00',	'2025-06-17 00:00:00',	4460,	4960),
(225,	10,	6,	38,	83,	'2025-06-01 00:00:00',	'2025-06-17 00:00:00',	4500,	4920),
(226,	10,	7,	38,	83,	'2025-06-01 00:00:00',	'2025-06-17 00:00:00',	4500,	4920),
(227,	10,	8,	38,	82,	'2025-06-01 00:00:00',	'2025-06-17 00:00:00',	5270,	5815),
(228,	10,	8,	38,	83,	'2025-06-01 00:00:00',	'2025-06-17 00:00:00',	5320,	5845),
(229,	10,	6,	39,	82,	'2025-06-01 00:00:00',	'2025-06-17 00:00:00',	3460,	3960),
(230,	10,	7,	39,	82,	'2025-06-01 00:00:00',	'2025-06-17 00:00:00',	3460,	3960),
(231,	10,	6,	39,	83,	'2025-06-01 00:00:00',	'2025-06-17 00:00:00',	3500,	3920),
(232,	10,	7,	39,	83,	'2025-06-01 00:00:00',	'2025-06-17 00:00:00',	3500,	3920),
(233,	10,	8,	39,	82,	'2025-06-01 00:00:00',	'2025-06-17 00:00:00',	4270,	4815),
(234,	10,	8,	39,	83,	'2025-06-01 00:00:00',	'2025-06-17 00:00:00',	4320,	4845),
(235,	10,	6,	40,	82,	'2025-06-01 00:00:00',	'2025-06-17 00:00:00',	975,	1475),
(236,	10,	7,	40,	82,	'2025-06-01 00:00:00',	'2025-06-17 00:00:00',	975,	1475),
(237,	10,	6,	40,	83,	'2025-06-01 00:00:00',	'2025-06-17 00:00:00',	950,	1370),
(238,	10,	7,	40,	83,	'2025-06-01 00:00:00',	'2025-06-17 00:00:00',	950,	1370),
(239,	10,	8,	40,	82,	'2025-06-01 00:00:00',	'2025-06-17 00:00:00',	1420,	1965),
(240,	10,	8,	40,	83,	'2025-06-01 00:00:00',	'2025-06-17 00:00:00',	1370,	1895),
(241,	10,	6,	41,	82,	'2025-06-01 00:00:00',	'2025-06-17 00:00:00',	775,	1275),
(242,	10,	7,	41,	82,	'2025-06-01 00:00:00',	'2025-06-17 00:00:00',	775,	1275),
(243,	10,	6,	41,	83,	'2025-06-01 00:00:00',	'2025-06-17 00:00:00',	750,	1170),
(244,	10,	7,	41,	83,	'2025-06-01 00:00:00',	'2025-06-17 00:00:00',	750,	1170),
(245,	10,	8,	41,	82,	'2025-06-01 00:00:00',	'2025-06-17 00:00:00',	1090,	1635),
(246,	10,	8,	41,	83,	'2025-06-01 00:00:00',	'2025-06-17 00:00:00',	1040,	1565),
(247,	10,	6,	42,	82,	'2025-06-01 00:00:00',	'2025-06-17 00:00:00',	795,	1295),
(248,	10,	7,	42,	82,	'2025-06-01 00:00:00',	'2025-06-17 00:00:00',	795,	1295),
(249,	10,	6,	42,	83,	'2025-06-01 00:00:00',	'2025-06-17 00:00:00',	770,	1190),
(250,	10,	7,	42,	83,	'2025-06-01 00:00:00',	'2025-06-17 00:00:00',	770,	1190),
(251,	10,	8,	42,	82,	'2025-06-01 00:00:00',	'2025-06-17 00:00:00',	1110,	1655),
(252,	10,	8,	42,	83,	'2025-06-01 00:00:00',	'2025-06-17 00:00:00',	1060,	1585),
(253,	10,	6,	43,	82,	'2025-06-01 00:00:00',	'2025-06-17 00:00:00',	3460,	3960),
(254,	10,	7,	43,	82,	'2025-06-01 00:00:00',	'2025-06-17 00:00:00',	3460,	3960),
(255,	10,	6,	43,	83,	'2025-06-01 00:00:00',	'2025-06-17 00:00:00',	3500,	3920),
(256,	10,	7,	43,	83,	'2025-06-01 00:00:00',	'2025-06-17 00:00:00',	3500,	3920),
(257,	10,	8,	43,	82,	'2025-06-01 00:00:00',	'2025-06-17 00:00:00',	4270,	4815),
(258,	10,	8,	43,	83,	'2025-06-01 00:00:00',	'2025-06-17 00:00:00',	4320,	4845),
(259,	10,	6,	44,	82,	'2025-06-01 00:00:00',	'2025-06-17 00:00:00',	1425,	1925),
(260,	10,	7,	44,	82,	'2025-06-01 00:00:00',	'2025-06-17 00:00:00',	1425,	1925),
(261,	10,	6,	44,	83,	'2025-06-01 00:00:00',	'2025-06-17 00:00:00',	1400,	1820),
(262,	10,	7,	44,	83,	'2025-06-01 00:00:00',	'2025-06-17 00:00:00',	1400,	1820),
(263,	10,	8,	44,	82,	'2025-06-01 00:00:00',	'2025-06-17 00:00:00',	2340,	2885),
(264,	10,	8,	44,	83,	'2025-06-01 00:00:00',	'2025-06-17 00:00:00',	2290,	2815),
(265,	10,	6,	45,	82,	'2025-06-01 00:00:00',	'2025-06-17 00:00:00',	1025,	1525),
(266,	10,	7,	45,	82,	'2025-06-01 00:00:00',	'2025-06-17 00:00:00',	1025,	1525),
(267,	10,	6,	45,	83,	'2025-06-01 00:00:00',	'2025-06-17 00:00:00',	1000,	1420),
(268,	10,	7,	45,	83,	'2025-06-01 00:00:00',	'2025-06-17 00:00:00',	1000,	1420),
(269,	10,	8,	45,	82,	'2025-06-01 00:00:00',	'2025-06-17 00:00:00',	1740,	2285),
(270,	10,	8,	45,	83,	'2025-06-01 00:00:00',	'2025-06-17 00:00:00',	1690,	2215),
(271,	10,	6,	46,	82,	'2025-06-01 00:00:00',	'2025-06-17 00:00:00',	1145,	1645),
(272,	10,	7,	46,	82,	'2025-06-01 00:00:00',	'2025-06-17 00:00:00',	1145,	1645),
(273,	10,	6,	46,	83,	'2025-06-01 00:00:00',	'2025-06-17 00:00:00',	1120,	1540),
(274,	10,	7,	46,	83,	'2025-06-01 00:00:00',	'2025-06-17 00:00:00',	1120,	1540),
(275,	10,	8,	46,	82,	'2025-06-01 00:00:00',	'2025-06-17 00:00:00',	1990,	2535),
(276,	10,	8,	46,	83,	'2025-06-01 00:00:00',	'2025-06-17 00:00:00',	1940,	2465),
(277,	10,	6,	47,	82,	'2025-06-01 00:00:00',	'2025-06-17 00:00:00',	1145,	1645),
(278,	10,	7,	47,	82,	'2025-06-01 00:00:00',	'2025-06-17 00:00:00',	1145,	1645),
(279,	10,	6,	47,	83,	'2025-06-01 00:00:00',	'2025-06-17 00:00:00',	1120,	1540),
(280,	10,	7,	47,	83,	'2025-06-01 00:00:00',	'2025-06-17 00:00:00',	1120,	1540),
(281,	10,	8,	47,	82,	'2025-06-01 00:00:00',	'2025-06-17 00:00:00',	1490,	2035),
(282,	10,	8,	47,	83,	'2025-06-01 00:00:00',	'2025-06-17 00:00:00',	1440,	1965),
(283,	10,	6,	48,	82,	'2025-06-01 00:00:00',	'2025-06-17 00:00:00',	545,	1045),
(284,	10,	7,	48,	82,	'2025-06-01 00:00:00',	'2025-06-17 00:00:00',	545,	1045),
(285,	10,	6,	48,	83,	'2025-06-01 00:00:00',	'2025-06-17 00:00:00',	520,	940),
(286,	10,	7,	48,	83,	'2025-06-01 00:00:00',	'2025-06-17 00:00:00',	520,	940),
(287,	10,	8,	48,	82,	'2025-06-01 00:00:00',	'2025-06-17 00:00:00',	742,	1287),
(288,	10,	8,	48,	83,	'2025-06-01 00:00:00',	'2025-06-17 00:00:00',	692,	1217),
(289,	10,	6,	49,	82,	'2025-06-01 00:00:00',	'2025-06-17 00:00:00',	1395,	1895),
(290,	10,	7,	49,	82,	'2025-06-01 00:00:00',	'2025-06-17 00:00:00',	1395,	1895),
(291,	10,	6,	49,	83,	'2025-06-01 00:00:00',	'2025-06-17 00:00:00',	1225,	1645),
(292,	10,	7,	49,	83,	'2025-06-01 00:00:00',	'2025-06-17 00:00:00',	1225,	1645),
(293,	10,	8,	49,	82,	'2025-06-01 00:00:00',	'2025-06-17 00:00:00',	1990,	2535),
(294,	10,	8,	49,	83,	'2025-06-01 00:00:00',	'2025-06-17 00:00:00',	1665,	2190),
(295,	10,	6,	50,	82,	'2025-06-01 00:00:00',	'2025-06-17 00:00:00',	1235,	1735),
(296,	10,	7,	50,	82,	'2025-06-01 00:00:00',	'2025-06-17 00:00:00',	1235,	1735),
(297,	10,	6,	50,	83,	'2025-06-01 00:00:00',	'2025-06-17 00:00:00',	1210,	1630),
(298,	10,	7,	50,	83,	'2025-06-01 00:00:00',	'2025-06-17 00:00:00',	1210,	1630),
(299,	10,	8,	50,	82,	'2025-06-01 00:00:00',	'2025-06-17 00:00:00',	2020,	2565),
(300,	10,	8,	50,	83,	'2025-06-01 00:00:00',	'2025-06-17 00:00:00',	1970,	2495),
(301,	10,	6,	51,	82,	'2025-06-01 00:00:00',	'2025-06-17 00:00:00',	925,	1425),
(302,	10,	7,	51,	82,	'2025-06-01 00:00:00',	'2025-06-17 00:00:00',	925,	1425),
(303,	10,	6,	51,	83,	'2025-06-01 00:00:00',	'2025-06-17 00:00:00',	900,	1320),
(304,	10,	7,	51,	83,	'2025-06-01 00:00:00',	'2025-06-17 00:00:00',	900,	1320),
(305,	10,	8,	51,	82,	'2025-06-01 00:00:00',	'2025-06-17 00:00:00',	1440,	1985),
(306,	10,	8,	51,	83,	'2025-06-01 00:00:00',	'2025-06-17 00:00:00',	1390,	1915),
(307,	10,	6,	52,	82,	'2025-06-01 00:00:00',	'2025-06-17 00:00:00',	695,	1195),
(308,	10,	7,	52,	82,	'2025-06-01 00:00:00',	'2025-06-17 00:00:00',	695,	1195),
(309,	10,	6,	52,	83,	'2025-06-01 00:00:00',	'2025-06-17 00:00:00',	670,	1090),
(310,	10,	7,	52,	83,	'2025-06-01 00:00:00',	'2025-06-17 00:00:00',	670,	1090),
(311,	10,	8,	52,	82,	'2025-06-01 00:00:00',	'2025-06-17 00:00:00',	990,	1535),
(312,	10,	8,	52,	83,	'2025-06-01 00:00:00',	'2025-06-17 00:00:00',	940,	1465),
(313,	10,	6,	53,	82,	'2025-06-01 00:00:00',	'2025-06-17 00:00:00',	1475,	1975),
(314,	10,	7,	53,	82,	'2025-06-01 00:00:00',	'2025-06-17 00:00:00',	1475,	1975),
(315,	10,	6,	53,	83,	'2025-06-01 00:00:00',	'2025-06-17 00:00:00',	1450,	1870),
(316,	10,	7,	53,	83,	'2025-06-01 00:00:00',	'2025-06-17 00:00:00',	1450,	1870),
(317,	10,	8,	53,	82,	'2025-06-01 00:00:00',	'2025-06-17 00:00:00',	2240,	2785),
(318,	10,	8,	53,	83,	'2025-06-01 00:00:00',	'2025-06-17 00:00:00',	2190,	2715),
(319,	10,	6,	54,	82,	'2025-06-01 00:00:00',	'2025-06-17 00:00:00',	1475,	1975),
(320,	10,	7,	54,	82,	'2025-06-01 00:00:00',	'2025-06-17 00:00:00',	1475,	1975),
(321,	10,	6,	54,	83,	'2025-06-01 00:00:00',	'2025-06-17 00:00:00',	1450,	1870),
(322,	10,	7,	54,	83,	'2025-06-01 00:00:00',	'2025-06-17 00:00:00',	1450,	1870),
(323,	10,	8,	54,	82,	'2025-06-01 00:00:00',	'2025-06-17 00:00:00',	2240,	2785),
(324,	10,	8,	54,	83,	'2025-06-01 00:00:00',	'2025-06-17 00:00:00',	2190,	2715),
(325,	10,	6,	55,	82,	'2025-06-01 00:00:00',	'2025-06-17 00:00:00',	795,	1295),
(326,	10,	7,	55,	82,	'2025-06-01 00:00:00',	'2025-06-17 00:00:00',	795,	1295),
(327,	10,	6,	55,	83,	'2025-06-01 00:00:00',	'2025-06-17 00:00:00',	770,	1190),
(328,	10,	7,	55,	83,	'2025-06-01 00:00:00',	'2025-06-17 00:00:00',	770,	1190),
(329,	10,	8,	55,	82,	'2025-06-01 00:00:00',	'2025-06-17 00:00:00',	1110,	1655),
(330,	10,	8,	55,	83,	'2025-06-01 00:00:00',	'2025-06-17 00:00:00',	1060,	1585),
(331,	10,	6,	56,	82,	'2025-06-01 00:00:00',	'2025-06-17 00:00:00',	575,	1075),
(332,	10,	7,	56,	82,	'2025-06-01 00:00:00',	'2025-06-17 00:00:00',	575,	1075),
(333,	10,	6,	56,	83,	'2025-06-01 00:00:00',	'2025-06-17 00:00:00',	550,	970),
(334,	10,	7,	56,	83,	'2025-06-01 00:00:00',	'2025-06-17 00:00:00',	550,	970),
(335,	10,	8,	56,	82,	'2025-06-01 00:00:00',	'2025-06-17 00:00:00',	840,	1385),
(336,	10,	8,	56,	83,	'2025-06-01 00:00:00',	'2025-06-17 00:00:00',	790,	1315),
(337,	10,	6,	57,	82,	'2025-06-01 00:00:00',	'2025-06-17 00:00:00',	3660,	4160),
(338,	10,	7,	57,	82,	'2025-06-01 00:00:00',	'2025-06-17 00:00:00',	3660,	4160),
(339,	10,	6,	57,	83,	'2025-06-01 00:00:00',	'2025-06-17 00:00:00',	3700,	4120),
(340,	10,	7,	57,	83,	'2025-06-01 00:00:00',	'2025-06-17 00:00:00',	3700,	4120),
(341,	10,	8,	57,	82,	'2025-06-01 00:00:00',	'2025-06-17 00:00:00',	4570,	5115),
(342,	10,	8,	57,	83,	'2025-06-01 00:00:00',	'2025-06-17 00:00:00',	4620,	5145),
(343,	10,	6,	58,	82,	'2025-06-01 00:00:00',	'2025-06-17 00:00:00',	3660,	4160),
(344,	10,	7,	58,	82,	'2025-06-01 00:00:00',	'2025-06-17 00:00:00',	3660,	4160),
(345,	10,	6,	58,	83,	'2025-06-01 00:00:00',	'2025-06-17 00:00:00',	3700,	4120),
(346,	10,	7,	58,	83,	'2025-06-01 00:00:00',	'2025-06-17 00:00:00',	3700,	4120),
(347,	10,	8,	58,	82,	'2025-06-01 00:00:00',	'2025-06-17 00:00:00',	4570,	5115),
(348,	10,	8,	58,	83,	'2025-06-01 00:00:00',	'2025-06-17 00:00:00',	4620,	5145),
(349,	10,	6,	59,	82,	'2025-06-01 00:00:00',	'2025-06-17 00:00:00',	1035,	1535),
(350,	10,	7,	59,	82,	'2025-06-01 00:00:00',	'2025-06-17 00:00:00',	1035,	1535),
(351,	10,	6,	59,	83,	'2025-06-01 00:00:00',	'2025-06-17 00:00:00',	1010,	1430),
(352,	10,	7,	59,	83,	'2025-06-01 00:00:00',	'2025-06-17 00:00:00',	1010,	1430),
(353,	10,	8,	59,	82,	'2025-06-01 00:00:00',	'2025-06-17 00:00:00',	1700,	2245),
(354,	10,	8,	59,	83,	'2025-06-01 00:00:00',	'2025-06-17 00:00:00',	1650,	2175),
(355,	10,	6,	60,	82,	'2025-06-01 00:00:00',	'2025-06-17 00:00:00',	725,	1225),
(356,	10,	7,	60,	82,	'2025-06-01 00:00:00',	'2025-06-17 00:00:00',	725,	1225),
(357,	10,	6,	60,	83,	'2025-06-01 00:00:00',	'2025-06-17 00:00:00',	700,	1120),
(358,	10,	7,	60,	83,	'2025-06-01 00:00:00',	'2025-06-17 00:00:00',	700,	1120),
(359,	10,	8,	60,	82,	'2025-06-01 00:00:00',	'2025-06-17 00:00:00',	1050,	1595),
(360,	10,	8,	60,	83,	'2025-06-01 00:00:00',	'2025-06-17 00:00:00',	1000,	1525),
(361,	10,	6,	61,	82,	'2025-06-01 00:00:00',	'2025-06-17 00:00:00',	865,	1365),
(362,	10,	7,	61,	82,	'2025-06-01 00:00:00',	'2025-06-17 00:00:00',	865,	1365),
(363,	10,	6,	61,	83,	'2025-06-01 00:00:00',	'2025-06-17 00:00:00',	840,	1260),
(364,	10,	7,	61,	83,	'2025-06-01 00:00:00',	'2025-06-17 00:00:00',	840,	1260),
(365,	10,	8,	61,	82,	'2025-06-01 00:00:00',	'2025-06-17 00:00:00',	1250,	1795),
(366,	10,	8,	61,	83,	'2025-06-01 00:00:00',	'2025-06-17 00:00:00',	1200,	1725),
(367,	10,	6,	62,	82,	'2025-06-01 00:00:00',	'2025-06-17 00:00:00',	845,	1345),
(368,	10,	7,	62,	82,	'2025-06-01 00:00:00',	'2025-06-17 00:00:00',	845,	1345),
(369,	10,	6,	62,	83,	'2025-06-01 00:00:00',	'2025-06-17 00:00:00',	820,	1240),
(370,	10,	7,	62,	83,	'2025-06-01 00:00:00',	'2025-06-17 00:00:00',	820,	1240),
(371,	10,	8,	62,	82,	'2025-06-01 00:00:00',	'2025-06-17 00:00:00',	1160,	1705),
(372,	10,	8,	62,	83,	'2025-06-01 00:00:00',	'2025-06-17 00:00:00',	1110,	1635),
(373,	10,	6,	63,	82,	'2025-06-01 00:00:00',	'2025-06-17 00:00:00',	790,	1290),
(374,	10,	7,	63,	82,	'2025-06-01 00:00:00',	'2025-06-17 00:00:00',	790,	1290),
(375,	10,	6,	63,	83,	'2025-06-01 00:00:00',	'2025-06-17 00:00:00',	765,	1185),
(376,	10,	7,	63,	83,	'2025-06-01 00:00:00',	'2025-06-17 00:00:00',	765,	1185),
(377,	10,	8,	63,	82,	'2025-06-01 00:00:00',	'2025-06-17 00:00:00',	1150,	1695),
(378,	10,	8,	63,	83,	'2025-06-01 00:00:00',	'2025-06-17 00:00:00',	1100,	1625),
(379,	10,	6,	64,	82,	'2025-06-01 00:00:00',	'2025-06-17 00:00:00',	1680,	2180),
(380,	10,	7,	64,	82,	'2025-06-01 00:00:00',	'2025-06-17 00:00:00',	1680,	2180),
(381,	10,	6,	64,	83,	'2025-06-01 00:00:00',	'2025-06-17 00:00:00',	1655,	2075),
(382,	10,	7,	64,	83,	'2025-06-01 00:00:00',	'2025-06-17 00:00:00',	1655,	2075),
(383,	10,	8,	64,	82,	'2025-06-01 00:00:00',	'2025-06-17 00:00:00',	2600,	3145),
(384,	10,	8,	64,	83,	'2025-06-01 00:00:00',	'2025-06-17 00:00:00',	2550,	3075),
(385,	10,	6,	65,	82,	'2025-06-01 00:00:00',	'2025-06-17 00:00:00',	795,	1295),
(386,	10,	7,	65,	82,	'2025-06-01 00:00:00',	'2025-06-17 00:00:00',	795,	1295),
(387,	10,	6,	65,	83,	'2025-06-01 00:00:00',	'2025-06-17 00:00:00',	770,	1190),
(388,	10,	7,	65,	83,	'2025-06-01 00:00:00',	'2025-06-17 00:00:00',	770,	1190),
(389,	10,	8,	65,	82,	'2025-06-01 00:00:00',	'2025-06-17 00:00:00',	1110,	1655),
(390,	10,	8,	65,	83,	'2025-06-01 00:00:00',	'2025-06-17 00:00:00',	1060,	1585),
(391,	10,	6,	66,	82,	'2025-06-01 00:00:00',	'2025-06-17 00:00:00',	1205,	1705),
(392,	10,	7,	66,	82,	'2025-06-01 00:00:00',	'2025-06-17 00:00:00',	1205,	1705),
(393,	10,	6,	66,	83,	'2025-06-01 00:00:00',	'2025-06-17 00:00:00',	1180,	1600),
(394,	10,	7,	66,	83,	'2025-06-01 00:00:00',	'2025-06-17 00:00:00',	1180,	1600),
(395,	10,	8,	66,	82,	'2025-06-01 00:00:00',	'2025-06-17 00:00:00',	1990,	2535),
(396,	10,	8,	66,	83,	'2025-06-01 00:00:00',	'2025-06-17 00:00:00',	1940,	2465),
(397,	10,	6,	67,	82,	'2025-06-01 00:00:00',	'2025-06-17 00:00:00',	935,	1435),
(398,	10,	7,	67,	82,	'2025-06-01 00:00:00',	'2025-06-17 00:00:00',	935,	1435),
(399,	10,	6,	67,	83,	'2025-06-01 00:00:00',	'2025-06-17 00:00:00',	910,	1330),
(400,	10,	7,	67,	83,	'2025-06-01 00:00:00',	'2025-06-17 00:00:00',	910,	1330),
(401,	10,	8,	67,	82,	'2025-06-01 00:00:00',	'2025-06-17 00:00:00',	1400,	1945),
(402,	10,	8,	67,	83,	'2025-06-01 00:00:00',	'2025-06-17 00:00:00',	1350,	1875),
(403,	10,	6,	68,	82,	'2025-06-01 00:00:00',	'2025-06-17 00:00:00',	965,	1465),
(404,	10,	7,	68,	82,	'2025-06-01 00:00:00',	'2025-06-17 00:00:00',	965,	1465),
(405,	10,	6,	68,	83,	'2025-06-01 00:00:00',	'2025-06-17 00:00:00',	940,	1360),
(406,	10,	7,	68,	83,	'2025-06-01 00:00:00',	'2025-06-17 00:00:00',	940,	1360),
(407,	10,	8,	68,	82,	'2025-06-01 00:00:00',	'2025-06-17 00:00:00',	1440,	1985),
(408,	10,	8,	68,	83,	'2025-06-01 00:00:00',	'2025-06-17 00:00:00',	1390,	1915),
(409,	10,	6,	69,	82,	'2025-06-01 00:00:00',	'2025-06-17 00:00:00',	755,	1255),
(410,	10,	7,	69,	82,	'2025-06-01 00:00:00',	'2025-06-17 00:00:00',	755,	1255),
(411,	10,	6,	69,	83,	'2025-06-01 00:00:00',	'2025-06-17 00:00:00',	730,	1150),
(412,	10,	7,	69,	83,	'2025-06-01 00:00:00',	'2025-06-17 00:00:00',	730,	1150),
(413,	10,	8,	69,	82,	'2025-06-01 00:00:00',	'2025-06-17 00:00:00',	1080,	1625),
(414,	10,	8,	69,	83,	'2025-06-01 00:00:00',	'2025-06-17 00:00:00',	1030,	1555),
(415,	10,	6,	70,	82,	'2025-06-01 00:00:00',	'2025-06-17 00:00:00',	665,	1165),
(416,	10,	7,	70,	82,	'2025-06-01 00:00:00',	'2025-06-17 00:00:00',	665,	1165),
(417,	10,	6,	70,	83,	'2025-06-01 00:00:00',	'2025-06-17 00:00:00',	640,	1060),
(418,	10,	7,	70,	83,	'2025-06-01 00:00:00',	'2025-06-17 00:00:00',	640,	1060),
(419,	10,	8,	70,	82,	'2025-06-01 00:00:00',	'2025-06-17 00:00:00',	890,	1435),
(420,	10,	8,	70,	83,	'2025-06-01 00:00:00',	'2025-06-17 00:00:00',	840,	1365),
(421,	10,	6,	71,	82,	'2025-06-01 00:00:00',	'2025-06-17 00:00:00',	755,	1255),
(422,	10,	7,	71,	82,	'2025-06-01 00:00:00',	'2025-06-17 00:00:00',	755,	1255),
(423,	10,	6,	71,	83,	'2025-06-01 00:00:00',	'2025-06-17 00:00:00',	730,	1150),
(424,	10,	7,	71,	83,	'2025-06-01 00:00:00',	'2025-06-17 00:00:00',	730,	1150),
(425,	10,	8,	71,	82,	'2025-06-01 00:00:00',	'2025-06-17 00:00:00',	1080,	1625),
(426,	10,	8,	71,	83,	'2025-06-01 00:00:00',	'2025-06-17 00:00:00',	1030,	1555),
(427,	10,	6,	72,	82,	'2025-06-01 00:00:00',	'2025-06-17 00:00:00',	4160,	4660),
(428,	10,	7,	72,	82,	'2025-06-01 00:00:00',	'2025-06-17 00:00:00',	4160,	4660),
(429,	10,	6,	72,	83,	'2025-06-01 00:00:00',	'2025-06-17 00:00:00',	4200,	4620),
(430,	10,	7,	72,	83,	'2025-06-01 00:00:00',	'2025-06-17 00:00:00',	4200,	4620),
(431,	10,	8,	72,	82,	'2025-06-01 00:00:00',	'2025-06-17 00:00:00',	5370,	5915),
(432,	10,	8,	72,	83,	'2025-06-01 00:00:00',	'2025-06-17 00:00:00',	5420,	5945),
(433,	10,	6,	73,	82,	'2025-06-01 00:00:00',	'2025-06-17 00:00:00',	1335,	1835),
(434,	10,	7,	73,	82,	'2025-06-01 00:00:00',	'2025-06-17 00:00:00',	1335,	1835),
(435,	10,	6,	73,	83,	'2025-06-01 00:00:00',	'2025-06-17 00:00:00',	1310,	1730),
(436,	10,	7,	73,	83,	'2025-06-01 00:00:00',	'2025-06-17 00:00:00',	1310,	1730),
(437,	10,	8,	73,	82,	'2025-06-01 00:00:00',	'2025-06-17 00:00:00',	2060,	2605),
(438,	10,	8,	73,	83,	'2025-06-01 00:00:00',	'2025-06-17 00:00:00',	2010,	2535),
(439,	10,	6,	74,	82,	'2025-06-01 00:00:00',	'2025-06-17 00:00:00',	1335,	1835),
(440,	10,	7,	74,	82,	'2025-06-01 00:00:00',	'2025-06-17 00:00:00',	1335,	1835),
(441,	10,	6,	74,	83,	'2025-06-01 00:00:00',	'2025-06-17 00:00:00',	1310,	1730),
(442,	10,	7,	74,	83,	'2025-06-01 00:00:00',	'2025-06-17 00:00:00',	1310,	1730),
(443,	10,	8,	74,	82,	'2025-06-01 00:00:00',	'2025-06-17 00:00:00',	2060,	2605),
(444,	10,	8,	74,	83,	'2025-06-01 00:00:00',	'2025-06-17 00:00:00',	2010,	2535),
(445,	10,	6,	75,	82,	'2025-05-08 00:00:00',	'2025-05-08 00:00:00',	425,	925),
(446,	10,	7,	75,	82,	'2025-05-08 00:00:00',	'2025-05-08 00:00:00',	425,	925),
(447,	10,	8,	75,	82,	'2025-05-08 00:00:00',	'2025-05-08 00:00:00',	540,	1085),
(448,	10,	6,	75,	83,	'2025-05-08 00:00:00',	'2025-05-08 00:00:00',	375,	820),
(449,	10,	7,	75,	83,	'2025-05-08 00:00:00',	'2025-05-08 00:00:00',	375,	820),
(450,	10,	8,	75,	83,	'2025-05-08 00:00:00',	'2025-05-08 00:00:00',	440,	1050),
(451,	10,	6,	76,	82,	'2025-05-14 00:00:00',	'2025-05-14 00:00:00',	425,	925),
(452,	10,	7,	76,	82,	'2025-05-14 00:00:00',	'2025-05-14 00:00:00',	425,	925),
(453,	10,	8,	76,	82,	'2025-05-14 00:00:00',	'2025-05-14 00:00:00',	540,	1085),
(454,	10,	6,	76,	83,	'2025-05-14 00:00:00',	'2025-05-14 00:00:00',	375,	820),
(455,	10,	7,	76,	83,	'2025-05-14 00:00:00',	'2025-05-14 00:00:00',	375,	820),
(456,	10,	8,	76,	83,	'2025-05-14 00:00:00',	'2025-05-14 00:00:00',	440,	1050),
(457,	10,	6,	77,	82,	'2025-05-18 00:00:00',	'2025-05-18 00:00:00',	425,	925),
(458,	10,	7,	77,	82,	'2025-05-18 00:00:00',	'2025-05-18 00:00:00',	425,	925),
(459,	10,	8,	77,	82,	'2025-05-18 00:00:00',	'2025-05-18 00:00:00',	540,	1085),
(460,	10,	6,	77,	83,	'2025-05-18 00:00:00',	'2025-05-18 00:00:00',	375,	820),
(461,	10,	7,	77,	83,	'2025-05-18 00:00:00',	'2025-05-18 00:00:00',	375,	820),
(462,	10,	8,	77,	83,	'2025-05-18 00:00:00',	'2025-05-18 00:00:00',	440,	1050),
(463,	10,	6,	78,	82,	'2025-05-20 00:00:00',	'2025-05-20 00:00:00',	375,	875),
(464,	10,	7,	78,	82,	'2025-05-20 00:00:00',	'2025-05-20 00:00:00',	375,	875),
(465,	10,	8,	78,	82,	'2025-05-20 00:00:00',	'2025-05-20 00:00:00',	440,	985),
(466,	10,	6,	78,	83,	'2025-05-20 00:00:00',	'2025-05-20 00:00:00',	325,	770),
(467,	10,	7,	78,	83,	'2025-05-20 00:00:00',	'2025-05-20 00:00:00',	325,	770),
(468,	10,	8,	78,	83,	'2025-05-20 00:00:00',	'2025-05-20 00:00:00',	340,	950),
(469,	10,	6,	75,	82,	'2025-05-13 00:00:00',	'2025-05-13 00:00:00',	425,	925),
(470,	10,	7,	75,	82,	'2025-05-13 00:00:00',	'2025-05-13 00:00:00',	425,	925),
(471,	10,	8,	75,	82,	'2025-05-13 00:00:00',	'2025-05-13 00:00:00',	540,	1085),
(472,	10,	6,	75,	83,	'2025-05-13 00:00:00',	'2025-05-13 00:00:00',	375,	820),
(473,	10,	7,	75,	83,	'2025-05-13 00:00:00',	'2025-05-13 00:00:00',	375,	820),
(474,	10,	8,	75,	83,	'2025-05-13 00:00:00',	'2025-05-13 00:00:00',	440,	1050),
(475,	10,	6,	76,	82,	'2025-05-21 00:00:00',	'2025-05-21 00:00:00',	425,	925),
(476,	10,	7,	76,	82,	'2025-05-21 00:00:00',	'2025-05-21 00:00:00',	425,	925),
(477,	10,	8,	76,	82,	'2025-05-21 00:00:00',	'2025-05-21 00:00:00',	540,	1085),
(478,	10,	6,	76,	83,	'2025-05-21 00:00:00',	'2025-05-21 00:00:00',	375,	820),
(479,	10,	7,	76,	83,	'2025-05-21 00:00:00',	'2025-05-21 00:00:00',	375,	820),
(480,	10,	8,	76,	83,	'2025-05-21 00:00:00',	'2025-05-21 00:00:00',	440,	1050),
(481,	10,	6,	77,	82,	'2025-05-24 00:00:00',	'2025-05-24 00:00:00',	425,	925),
(482,	10,	7,	77,	82,	'2025-05-24 00:00:00',	'2025-05-24 00:00:00',	425,	925),
(483,	10,	8,	77,	82,	'2025-05-24 00:00:00',	'2025-05-24 00:00:00',	540,	1085),
(484,	10,	6,	77,	83,	'2025-05-24 00:00:00',	'2025-05-24 00:00:00',	375,	820),
(485,	10,	7,	77,	83,	'2025-05-24 00:00:00',	'2025-05-24 00:00:00',	375,	820),
(486,	10,	8,	77,	83,	'2025-05-24 00:00:00',	'2025-05-24 00:00:00',	440,	1050),
(487,	10,	6,	78,	82,	'2025-05-27 00:00:00',	'2025-05-27 00:00:00',	375,	875),
(488,	10,	7,	78,	82,	'2025-05-27 00:00:00',	'2025-05-27 00:00:00',	375,	875),
(489,	10,	8,	78,	82,	'2025-05-27 00:00:00',	'2025-05-27 00:00:00',	440,	985),
(490,	10,	6,	78,	83,	'2025-05-27 00:00:00',	'2025-05-27 00:00:00',	325,	770),
(491,	10,	7,	78,	83,	'2025-05-27 00:00:00',	'2025-05-27 00:00:00',	325,	770),
(492,	10,	8,	78,	83,	'2025-05-27 00:00:00',	'2025-05-27 00:00:00',	340,	950),
(493,	10,	6,	78,	83,	'2025-05-22 00:00:00',	'2025-05-22 00:00:00',	350,	770),
(494,	10,	7,	78,	83,	'2025-05-22 00:00:00',	'2025-05-22 00:00:00',	350,	770),
(495,	10,	6,	78,	83,	'2025-06-03 00:00:00',	'2025-06-03 00:00:00',	350,	770),
(496,	10,	7,	78,	83,	'2025-06-03 00:00:00',	'2025-06-03 00:00:00',	350,	770),
(497,	10,	6,	75,	82,	'2025-05-31 00:00:00',	'2025-05-31 00:00:00',	425,	925),
(498,	10,	7,	75,	82,	'2025-05-31 00:00:00',	'2025-05-31 00:00:00',	425,	925),
(499,	10,	8,	75,	82,	'2025-05-31 00:00:00',	'2025-05-31 00:00:00',	540,	1085),
(500,	10,	6,	75,	83,	'2025-05-31 00:00:00',	'2025-05-31 00:00:00',	400,	820),
(501,	10,	7,	75,	83,	'2025-05-31 00:00:00',	'2025-05-31 00:00:00',	400,	820),
(502,	10,	8,	75,	83,	'2025-05-31 00:00:00',	'2025-05-31 00:00:00',	490,	1015),
(503,	10,	6,	76,	82,	'2025-06-04 00:00:00',	'2025-06-04 00:00:00',	425,	925),
(504,	10,	7,	76,	82,	'2025-06-04 00:00:00',	'2025-06-04 00:00:00',	425,	925),
(505,	10,	8,	76,	82,	'2025-06-04 00:00:00',	'2025-06-04 00:00:00',	540,	1085),
(506,	10,	6,	76,	83,	'2025-06-04 00:00:00',	'2025-06-04 00:00:00',	400,	820),
(507,	10,	7,	76,	83,	'2025-06-04 00:00:00',	'2025-06-04 00:00:00',	400,	820),
(508,	10,	8,	76,	83,	'2025-06-04 00:00:00',	'2025-06-04 00:00:00',	490,	1015),
(509,	10,	6,	77,	82,	'2025-06-07 00:00:00',	'2025-06-07 00:00:00',	425,	925),
(510,	10,	7,	77,	82,	'2025-06-07 00:00:00',	'2025-06-07 00:00:00',	425,	925),
(511,	10,	8,	77,	82,	'2025-06-07 00:00:00',	'2025-06-07 00:00:00',	540,	1085),
(512,	10,	6,	77,	83,	'2025-06-07 00:00:00',	'2025-06-07 00:00:00',	400,	820),
(513,	10,	7,	77,	83,	'2025-06-07 00:00:00',	'2025-06-07 00:00:00',	400,	820),
(514,	10,	8,	77,	83,	'2025-06-07 00:00:00',	'2025-06-07 00:00:00',	490,	1015),
(515,	10,	6,	78,	82,	'2025-06-10 00:00:00',	'2025-06-10 00:00:00',	375,	875),
(516,	10,	7,	78,	82,	'2025-06-10 00:00:00',	'2025-06-10 00:00:00',	375,	875),
(517,	10,	8,	78,	82,	'2025-06-10 00:00:00',	'2025-06-10 00:00:00',	440,	985),
(518,	10,	6,	78,	83,	'2025-06-10 00:00:00',	'2025-06-10 00:00:00',	350,	770),
(519,	10,	7,	78,	83,	'2025-06-10 00:00:00',	'2025-06-10 00:00:00',	350,	770),
(520,	10,	8,	78,	83,	'2025-06-10 00:00:00',	'2025-06-10 00:00:00',	390,	915),
(521,	10,	6,	78,	82,	'2025-06-04 00:00:00',	'2025-06-04 00:00:00',	350,	850),
(522,	10,	7,	78,	82,	'2025-06-04 00:00:00',	'2025-06-04 00:00:00',	350,	850),
(523,	10,	8,	78,	82,	'2025-06-04 00:00:00',	'2025-06-04 00:00:00',	390,	935),
(524,	10,	6,	78,	83,	'2025-06-04 00:00:00',	'2025-06-04 00:00:00',	350,	770),
(525,	10,	7,	78,	83,	'2025-06-04 00:00:00',	'2025-06-04 00:00:00',	350,	770),
(526,	10,	8,	78,	83,	'2025-06-04 00:00:00',	'2025-06-04 00:00:00',	390,	915),
(527,	10,	6,	56,	82,	'2025-06-07 00:00:00',	'2025-06-07 00:00:00',	400,	900),
(528,	10,	7,	56,	82,	'2025-06-07 00:00:00',	'2025-06-07 00:00:00',	400,	900),
(529,	10,	8,	56,	82,	'2025-06-07 00:00:00',	'2025-06-07 00:00:00',	490,	1035),
(530,	10,	6,	56,	83,	'2025-06-07 00:00:00',	'2025-06-07 00:00:00',	400,	820),
(531,	10,	7,	56,	83,	'2025-06-07 00:00:00',	'2025-06-07 00:00:00',	400,	820),
(532,	10,	8,	56,	83,	'2025-06-07 00:00:00',	'2025-06-07 00:00:00',	490,	1015),
(533,	10,	6,	14,	82,	'2025-06-09 00:00:00',	'2025-06-09 00:00:00',	400,	900),
(534,	10,	7,	14,	82,	'2025-06-09 00:00:00',	'2025-06-09 00:00:00',	400,	900),
(535,	10,	8,	14,	82,	'2025-06-09 00:00:00',	'2025-06-09 00:00:00',	490,	1035),
(536,	10,	6,	14,	83,	'2025-06-09 00:00:00',	'2025-06-09 00:00:00',	400,	820),
(537,	10,	7,	14,	83,	'2025-06-09 00:00:00',	'2025-06-09 00:00:00',	400,	820),
(538,	10,	8,	14,	83,	'2025-06-09 00:00:00',	'2025-06-09 00:00:00',	490,	1015),
(539,	10,	6,	75,	82,	'2025-06-14 00:00:00',	'2025-06-14 00:00:00',	400,	900),
(540,	10,	7,	75,	82,	'2025-06-14 00:00:00',	'2025-06-14 00:00:00',	400,	900),
(541,	10,	8,	75,	82,	'2025-06-14 00:00:00',	'2025-06-14 00:00:00',	490,	1035),
(542,	10,	6,	75,	83,	'2025-06-14 00:00:00',	'2025-06-14 00:00:00',	400,	820),
(543,	10,	7,	75,	83,	'2025-06-14 00:00:00',	'2025-06-14 00:00:00',	400,	820),
(544,	10,	8,	75,	83,	'2025-06-14 00:00:00',	'2025-06-14 00:00:00',	490,	1015),
(545,	10,	6,	76,	82,	'2025-06-18 00:00:00',	'2025-06-18 00:00:00',	400,	900),
(546,	10,	7,	76,	82,	'2025-06-18 00:00:00',	'2025-06-18 00:00:00',	400,	900),
(547,	10,	8,	76,	82,	'2025-06-18 00:00:00',	'2025-06-18 00:00:00',	490,	1035),
(548,	10,	6,	76,	83,	'2025-06-18 00:00:00',	'2025-06-18 00:00:00',	400,	820),
(549,	10,	7,	76,	83,	'2025-06-18 00:00:00',	'2025-06-18 00:00:00',	400,	820),
(550,	10,	8,	76,	83,	'2025-06-18 00:00:00',	'2025-06-18 00:00:00',	490,	1015),
(551,	10,	6,	77,	82,	'2025-06-21 00:00:00',	'2025-06-21 00:00:00',	400,	900),
(552,	10,	7,	77,	82,	'2025-06-21 00:00:00',	'2025-06-21 00:00:00',	400,	900),
(553,	10,	8,	77,	82,	'2025-06-21 00:00:00',	'2025-06-21 00:00:00',	490,	1035),
(554,	10,	6,	77,	83,	'2025-06-21 00:00:00',	'2025-06-21 00:00:00',	400,	820),
(555,	10,	7,	77,	83,	'2025-06-21 00:00:00',	'2025-06-21 00:00:00',	400,	820),
(556,	10,	8,	77,	83,	'2025-06-21 00:00:00',	'2025-06-21 00:00:00',	490,	1015),
(557,	10,	6,	78,	82,	'2025-06-24 00:00:00',	'2025-06-24 00:00:00',	350,	850),
(558,	10,	7,	78,	82,	'2025-06-24 00:00:00',	'2025-06-24 00:00:00',	350,	850),
(559,	10,	8,	78,	82,	'2025-06-24 00:00:00',	'2025-06-24 00:00:00',	390,	935),
(560,	10,	6,	78,	83,	'2025-06-24 00:00:00',	'2025-06-24 00:00:00',	350,	770),
(561,	10,	7,	78,	83,	'2025-06-24 00:00:00',	'2025-06-24 00:00:00',	350,	770),
(562,	10,	8,	78,	83,	'2025-06-24 00:00:00',	'2025-06-24 00:00:00',	390,	915),
(563,	10,	6,	1,	83,	'2025-06-01 00:00:00',	'2025-06-18 00:00:00',	123,	456),
(564,	10,	6,	1,	82,	'2025-07-01 00:00:00',	'2025-07-15 00:00:00',	1740,	2240),
(565,	10,	7,	1,	82,	'2025-07-01 00:00:00',	'2025-07-15 00:00:00',	1740,	2240),
(566,	10,	6,	1,	83,	'2025-07-01 00:00:00',	'2025-07-15 00:00:00',	1740,	2040),
(567,	10,	7,	1,	83,	'2025-07-01 00:00:00',	'2025-07-15 00:00:00',	1740,	2040),
(568,	10,	8,	1,	82,	'2025-07-01 00:00:00',	'2025-07-15 00:00:00',	3090,	3635),
(569,	10,	8,	1,	83,	'2025-07-01 00:00:00',	'2025-07-15 00:00:00',	3090,	3450),
(570,	10,	6,	2,	82,	'2025-07-01 00:00:00',	'2025-07-15 00:00:00',	1325,	1825),
(571,	10,	7,	2,	82,	'2025-07-01 00:00:00',	'2025-07-15 00:00:00',	1325,	1825),
(572,	10,	6,	2,	83,	'2025-07-01 00:00:00',	'2025-07-15 00:00:00',	1325,	1625),
(573,	10,	7,	2,	83,	'2025-07-01 00:00:00',	'2025-07-15 00:00:00',	1325,	1625),
(574,	10,	8,	2,	82,	'2025-07-01 00:00:00',	'2025-07-15 00:00:00',	1865,	2410),
(575,	10,	8,	2,	83,	'2025-07-01 00:00:00',	'2025-07-15 00:00:00',	1865,	2225),
(576,	10,	6,	3,	82,	'2025-07-01 00:00:00',	'2025-07-15 00:00:00',	1420,	1920),
(577,	10,	7,	3,	82,	'2025-07-01 00:00:00',	'2025-07-15 00:00:00',	1420,	1920),
(578,	10,	6,	3,	83,	'2025-07-01 00:00:00',	'2025-07-15 00:00:00',	1420,	1720),
(579,	10,	7,	3,	83,	'2025-07-01 00:00:00',	'2025-07-15 00:00:00',	1420,	1720),
(580,	10,	8,	3,	82,	'2025-07-01 00:00:00',	'2025-07-15 00:00:00',	1990,	2535),
(581,	10,	8,	3,	83,	'2025-07-01 00:00:00',	'2025-07-15 00:00:00',	1990,	2350),
(582,	10,	6,	4,	82,	'2025-07-01 00:00:00',	'2025-07-15 00:00:00',	4135,	4635),
(583,	10,	7,	4,	82,	'2025-07-01 00:00:00',	'2025-07-15 00:00:00',	4135,	4635),
(584,	10,	6,	4,	83,	'2025-07-01 00:00:00',	'2025-07-15 00:00:00',	4200,	4500),
(585,	10,	7,	4,	83,	'2025-07-01 00:00:00',	'2025-07-15 00:00:00',	4200,	4500),
(586,	10,	8,	4,	82,	'2025-07-01 00:00:00',	'2025-07-15 00:00:00',	5270,	5815),
(587,	10,	8,	4,	83,	'2025-07-01 00:00:00',	'2025-07-15 00:00:00',	5370,	5730),
(588,	10,	6,	5,	82,	'2025-07-01 00:00:00',	'2025-07-15 00:00:00',	710,	1210),
(589,	10,	7,	5,	82,	'2025-07-01 00:00:00',	'2025-07-15 00:00:00',	710,	1210),
(590,	10,	6,	5,	83,	'2025-07-01 00:00:00',	'2025-07-15 00:00:00',	710,	1010),
(591,	10,	7,	5,	83,	'2025-07-01 00:00:00',	'2025-07-15 00:00:00',	710,	1010),
(592,	10,	8,	5,	82,	'2025-07-01 00:00:00',	'2025-07-15 00:00:00',	960,	1505),
(593,	10,	8,	5,	83,	'2025-07-01 00:00:00',	'2025-07-15 00:00:00',	960,	1320),
(594,	10,	6,	6,	82,	'2025-07-01 00:00:00',	'2025-07-15 00:00:00',	980,	1480),
(595,	10,	7,	6,	82,	'2025-07-01 00:00:00',	'2025-07-15 00:00:00',	980,	1480),
(596,	10,	6,	6,	83,	'2025-07-01 00:00:00',	'2025-07-15 00:00:00',	980,	1280),
(597,	10,	7,	6,	83,	'2025-07-01 00:00:00',	'2025-07-15 00:00:00',	980,	1280),
(598,	10,	8,	6,	82,	'2025-07-01 00:00:00',	'2025-07-15 00:00:00',	1470,	2015),
(599,	10,	8,	6,	83,	'2025-07-01 00:00:00',	'2025-07-15 00:00:00',	1470,	1830),
(600,	10,	6,	7,	82,	'2025-07-01 00:00:00',	'2025-07-15 00:00:00',	770,	1270),
(601,	10,	7,	7,	82,	'2025-07-01 00:00:00',	'2025-07-15 00:00:00',	770,	1270),
(602,	10,	6,	7,	83,	'2025-07-01 00:00:00',	'2025-07-15 00:00:00',	770,	1070),
(603,	10,	7,	7,	83,	'2025-07-01 00:00:00',	'2025-07-15 00:00:00',	770,	1070),
(604,	10,	8,	7,	82,	'2025-07-01 00:00:00',	'2025-07-15 00:00:00',	1010,	1555),
(605,	10,	8,	7,	83,	'2025-07-01 00:00:00',	'2025-07-15 00:00:00',	1010,	1370),
(606,	10,	6,	8,	82,	'2025-07-01 00:00:00',	'2025-07-15 00:00:00',	770,	1270),
(607,	10,	7,	8,	82,	'2025-07-01 00:00:00',	'2025-07-15 00:00:00',	770,	1270),
(608,	10,	6,	8,	83,	'2025-07-01 00:00:00',	'2025-07-15 00:00:00',	770,	1070),
(609,	10,	7,	8,	83,	'2025-07-01 00:00:00',	'2025-07-15 00:00:00',	770,	1070),
(610,	10,	8,	8,	82,	'2025-07-01 00:00:00',	'2025-07-15 00:00:00',	1010,	1555),
(611,	10,	8,	8,	83,	'2025-07-01 00:00:00',	'2025-07-15 00:00:00',	1010,	1370),
(612,	10,	6,	9,	82,	'2025-07-01 00:00:00',	'2025-07-15 00:00:00',	3635,	4135),
(613,	10,	7,	9,	82,	'2025-07-01 00:00:00',	'2025-07-15 00:00:00',	3635,	4135),
(614,	10,	6,	9,	83,	'2025-07-01 00:00:00',	'2025-07-15 00:00:00',	3700,	4000),
(615,	10,	7,	9,	83,	'2025-07-01 00:00:00',	'2025-07-15 00:00:00',	3700,	4000),
(616,	10,	8,	9,	82,	'2025-07-01 00:00:00',	'2025-07-15 00:00:00',	4470,	5015),
(617,	10,	8,	9,	83,	'2025-07-01 00:00:00',	'2025-07-15 00:00:00',	4570,	4930),
(618,	10,	6,	10,	82,	'2025-07-01 00:00:00',	'2025-07-15 00:00:00',	1275,	1775),
(619,	10,	7,	10,	82,	'2025-07-01 00:00:00',	'2025-07-15 00:00:00',	1275,	1775),
(620,	10,	6,	10,	83,	'2025-07-01 00:00:00',	'2025-07-15 00:00:00',	1275,	1575),
(621,	10,	7,	10,	83,	'2025-07-01 00:00:00',	'2025-07-15 00:00:00',	1275,	1575),
(622,	10,	8,	10,	82,	'2025-07-01 00:00:00',	'2025-07-15 00:00:00',	2150,	2695),
(623,	10,	8,	10,	83,	'2025-07-01 00:00:00',	'2025-07-15 00:00:00',	2150,	2510),
(624,	10,	6,	11,	82,	'2025-07-01 00:00:00',	'2025-07-15 00:00:00',	1010,	1510),
(625,	10,	7,	11,	82,	'2025-07-01 00:00:00',	'2025-07-15 00:00:00',	1010,	1510),
(626,	10,	6,	11,	83,	'2025-07-01 00:00:00',	'2025-07-15 00:00:00',	1010,	1310),
(627,	10,	7,	11,	83,	'2025-07-01 00:00:00',	'2025-07-15 00:00:00',	1010,	1310),
(628,	10,	8,	11,	82,	'2025-07-01 00:00:00',	'2025-07-15 00:00:00',	1600,	2145),
(629,	10,	8,	11,	83,	'2025-07-01 00:00:00',	'2025-07-15 00:00:00',	1600,	1960),
(630,	10,	6,	12,	82,	'2025-07-01 00:00:00',	'2025-07-15 00:00:00',	3635,	4135),
(631,	10,	7,	12,	82,	'2025-07-01 00:00:00',	'2025-07-15 00:00:00',	3635,	4135),
(632,	10,	6,	12,	83,	'2025-07-01 00:00:00',	'2025-07-15 00:00:00',	3700,	4000),
(633,	10,	7,	12,	83,	'2025-07-01 00:00:00',	'2025-07-15 00:00:00',	3700,	4000),
(634,	10,	8,	12,	82,	'2025-07-01 00:00:00',	'2025-07-15 00:00:00',	4470,	5015),
(635,	10,	8,	12,	83,	'2025-07-01 00:00:00',	'2025-07-15 00:00:00',	4570,	4930),
(636,	10,	6,	13,	82,	'2025-07-01 00:00:00',	'2025-07-15 00:00:00',	710,	1210),
(637,	10,	7,	13,	82,	'2025-07-01 00:00:00',	'2025-07-15 00:00:00',	710,	1210),
(638,	10,	6,	13,	83,	'2025-07-01 00:00:00',	'2025-07-15 00:00:00',	710,	1010),
(639,	10,	7,	13,	83,	'2025-07-01 00:00:00',	'2025-07-15 00:00:00',	710,	1010),
(640,	10,	8,	13,	82,	'2025-07-01 00:00:00',	'2025-07-15 00:00:00',	910,	1455),
(641,	10,	8,	13,	83,	'2025-07-01 00:00:00',	'2025-07-15 00:00:00',	910,	1270),
(642,	10,	6,	14,	82,	'2025-07-01 00:00:00',	'2025-07-15 00:00:00',	550,	1050),
(643,	10,	7,	14,	82,	'2025-07-01 00:00:00',	'2025-07-15 00:00:00',	550,	1050),
(644,	10,	6,	14,	83,	'2025-07-01 00:00:00',	'2025-07-15 00:00:00',	550,	850),
(645,	10,	7,	14,	83,	'2025-07-01 00:00:00',	'2025-07-15 00:00:00',	550,	850),
(646,	10,	8,	14,	82,	'2025-07-01 00:00:00',	'2025-07-15 00:00:00',	740,	1285),
(647,	10,	8,	14,	83,	'2025-07-01 00:00:00',	'2025-07-15 00:00:00',	740,	1100),
(648,	10,	6,	15,	82,	'2025-07-01 00:00:00',	'2025-07-15 00:00:00',	3235,	3735),
(649,	10,	7,	15,	82,	'2025-07-01 00:00:00',	'2025-07-15 00:00:00',	3235,	3735),
(650,	10,	6,	15,	83,	'2025-07-01 00:00:00',	'2025-07-15 00:00:00',	3300,	3600),
(651,	10,	7,	15,	83,	'2025-07-01 00:00:00',	'2025-07-15 00:00:00',	3300,	3600),
(652,	10,	8,	15,	82,	'2025-07-01 00:00:00',	'2025-07-15 00:00:00',	3970,	4515),
(653,	10,	8,	15,	83,	'2025-07-01 00:00:00',	'2025-07-15 00:00:00',	4070,	4430),
(654,	10,	6,	16,	82,	'2025-07-01 00:00:00',	'2025-07-15 00:00:00',	3735,	4235),
(655,	10,	7,	16,	82,	'2025-07-01 00:00:00',	'2025-07-15 00:00:00',	3735,	4235),
(656,	10,	6,	16,	83,	'2025-07-01 00:00:00',	'2025-07-15 00:00:00',	3735,	4035),
(657,	10,	7,	16,	83,	'2025-07-01 00:00:00',	'2025-07-15 00:00:00',	3735,	4035),
(658,	10,	8,	16,	82,	'2025-07-01 00:00:00',	'2025-07-15 00:00:00',	5970,	6515),
(659,	10,	8,	16,	83,	'2025-07-01 00:00:00',	'2025-07-15 00:00:00',	5970,	6330),
(660,	10,	6,	17,	82,	'2025-07-01 00:00:00',	'2025-07-15 00:00:00',	4435,	4935),
(661,	10,	7,	17,	82,	'2025-07-01 00:00:00',	'2025-07-15 00:00:00',	4435,	4935),
(662,	10,	6,	17,	83,	'2025-07-01 00:00:00',	'2025-07-15 00:00:00',	4500,	4800),
(663,	10,	7,	17,	83,	'2025-07-01 00:00:00',	'2025-07-15 00:00:00',	4500,	4800),
(664,	10,	8,	17,	82,	'2025-07-01 00:00:00',	'2025-07-15 00:00:00',	5170,	5715),
(665,	10,	8,	17,	83,	'2025-07-01 00:00:00',	'2025-07-15 00:00:00',	5270,	5630),
(666,	10,	6,	18,	82,	'2025-07-01 00:00:00',	'2025-07-15 00:00:00',	5735,	6235),
(667,	10,	7,	18,	82,	'2025-07-01 00:00:00',	'2025-07-15 00:00:00',	5735,	6235),
(668,	10,	6,	18,	83,	'2025-07-01 00:00:00',	'2025-07-15 00:00:00',	5800,	6100),
(669,	10,	7,	18,	83,	'2025-07-01 00:00:00',	'2025-07-15 00:00:00',	5800,	6100),
(670,	10,	8,	18,	82,	'2025-07-01 00:00:00',	'2025-07-15 00:00:00',	6470,	7015),
(671,	10,	8,	18,	83,	'2025-07-01 00:00:00',	'2025-07-15 00:00:00',	6570,	6930),
(672,	10,	6,	19,	82,	'2025-07-01 00:00:00',	'2025-07-15 00:00:00',	1010,	1510),
(673,	10,	7,	19,	82,	'2025-07-01 00:00:00',	'2025-07-15 00:00:00',	1010,	1510),
(674,	10,	6,	19,	83,	'2025-07-01 00:00:00',	'2025-07-15 00:00:00',	1010,	1310),
(675,	10,	7,	19,	83,	'2025-07-01 00:00:00',	'2025-07-15 00:00:00',	1010,	1310),
(676,	10,	8,	19,	82,	'2025-07-01 00:00:00',	'2025-07-15 00:00:00',	1600,	2145),
(677,	10,	8,	19,	83,	'2025-07-01 00:00:00',	'2025-07-15 00:00:00',	1600,	1960),
(678,	10,	6,	20,	82,	'2025-07-01 00:00:00',	'2025-07-15 00:00:00',	900,	1400),
(679,	10,	7,	20,	82,	'2025-07-01 00:00:00',	'2025-07-15 00:00:00',	900,	1400),
(680,	10,	8,	20,	82,	'2025-07-01 00:00:00',	'2025-07-15 00:00:00',	1440,	1985),
(681,	10,	6,	20,	83,	'2025-07-01 00:00:00',	'2025-07-15 00:00:00',	900,	1200),
(682,	10,	7,	20,	83,	'2025-07-01 00:00:00',	'2025-07-15 00:00:00',	900,	1200),
(683,	10,	8,	20,	83,	'2025-07-01 00:00:00',	'2025-07-15 00:00:00',	1440,	1800),
(684,	10,	6,	21,	82,	'2025-07-01 00:00:00',	'2025-07-15 00:00:00',	3635,	4135),
(685,	10,	7,	21,	82,	'2025-07-01 00:00:00',	'2025-07-15 00:00:00',	3635,	4135),
(686,	10,	6,	21,	83,	'2025-07-01 00:00:00',	'2025-07-15 00:00:00',	3700,	4000),
(687,	10,	7,	21,	83,	'2025-07-01 00:00:00',	'2025-07-15 00:00:00',	3700,	4000),
(688,	10,	8,	21,	82,	'2025-07-01 00:00:00',	'2025-07-15 00:00:00',	4470,	5015),
(689,	10,	8,	21,	83,	'2025-07-01 00:00:00',	'2025-07-15 00:00:00',	4570,	4930),
(690,	10,	6,	22,	82,	'2025-07-01 00:00:00',	'2025-07-15 00:00:00',	900,	1400),
(691,	10,	7,	22,	82,	'2025-07-01 00:00:00',	'2025-07-15 00:00:00',	900,	1400),
(692,	10,	6,	22,	83,	'2025-07-01 00:00:00',	'2025-07-15 00:00:00',	900,	1200),
(693,	10,	7,	22,	83,	'2025-07-01 00:00:00',	'2025-07-15 00:00:00',	900,	1200),
(694,	10,	8,	22,	82,	'2025-07-01 00:00:00',	'2025-07-15 00:00:00',	1440,	1985),
(695,	10,	8,	22,	83,	'2025-07-01 00:00:00',	'2025-07-15 00:00:00',	1440,	1800),
(696,	10,	6,	23,	82,	'2025-07-01 00:00:00',	'2025-07-15 00:00:00',	1125,	1625),
(697,	10,	7,	23,	82,	'2025-07-01 00:00:00',	'2025-07-15 00:00:00',	1125,	1625),
(698,	10,	6,	23,	83,	'2025-07-01 00:00:00',	'2025-07-15 00:00:00',	1125,	1425),
(699,	10,	7,	23,	83,	'2025-07-01 00:00:00',	'2025-07-15 00:00:00',	1125,	1425),
(700,	10,	8,	23,	82,	'2025-07-01 00:00:00',	'2025-07-15 00:00:00',	1465,	2010),
(701,	10,	8,	23,	83,	'2025-07-01 00:00:00',	'2025-07-15 00:00:00',	1465,	1825),
(702,	10,	6,	24,	82,	'2025-07-01 00:00:00',	'2025-07-15 00:00:00',	3435,	3935),
(703,	10,	7,	24,	82,	'2025-07-01 00:00:00',	'2025-07-15 00:00:00',	3435,	3935),
(704,	10,	6,	24,	83,	'2025-07-01 00:00:00',	'2025-07-15 00:00:00',	3500,	3800),
(705,	10,	7,	24,	83,	'2025-07-01 00:00:00',	'2025-07-15 00:00:00',	3500,	3800),
(706,	10,	8,	24,	82,	'2025-07-01 00:00:00',	'2025-07-15 00:00:00',	5670,	6215),
(707,	10,	8,	24,	83,	'2025-07-01 00:00:00',	'2025-07-15 00:00:00',	5770,	6130),
(708,	10,	6,	25,	82,	'2025-07-01 00:00:00',	'2025-07-15 00:00:00',	770,	1270),
(709,	10,	7,	25,	82,	'2025-07-01 00:00:00',	'2025-07-15 00:00:00',	770,	1270),
(710,	10,	6,	25,	83,	'2025-07-01 00:00:00',	'2025-07-15 00:00:00',	770,	1070),
(711,	10,	7,	25,	83,	'2025-07-01 00:00:00',	'2025-07-15 00:00:00',	770,	1070),
(712,	10,	8,	25,	82,	'2025-07-01 00:00:00',	'2025-07-15 00:00:00',	1010,	1555),
(713,	10,	8,	25,	83,	'2025-07-01 00:00:00',	'2025-07-15 00:00:00',	1010,	1370),
(714,	10,	6,	26,	82,	'2025-07-01 00:00:00',	'2025-07-15 00:00:00',	800,	1300),
(715,	10,	7,	26,	82,	'2025-07-01 00:00:00',	'2025-07-15 00:00:00',	800,	1300),
(716,	10,	6,	26,	83,	'2025-07-01 00:00:00',	'2025-07-15 00:00:00',	800,	1100),
(717,	10,	7,	26,	83,	'2025-07-01 00:00:00',	'2025-07-15 00:00:00',	800,	1100),
(718,	10,	8,	26,	82,	'2025-07-01 00:00:00',	'2025-07-15 00:00:00',	1110,	1655),
(719,	10,	8,	26,	83,	'2025-07-01 00:00:00',	'2025-07-15 00:00:00',	1110,	1470),
(720,	10,	6,	27,	82,	'2025-07-01 00:00:00',	'2025-07-15 00:00:00',	830,	1330),
(721,	10,	7,	27,	82,	'2025-07-01 00:00:00',	'2025-07-15 00:00:00',	830,	1330),
(722,	10,	6,	27,	83,	'2025-07-01 00:00:00',	'2025-07-15 00:00:00',	830,	1130),
(723,	10,	7,	27,	83,	'2025-07-01 00:00:00',	'2025-07-15 00:00:00',	830,	1130),
(724,	10,	8,	27,	82,	'2025-07-01 00:00:00',	'2025-07-15 00:00:00',	1130,	1675),
(725,	10,	8,	27,	83,	'2025-07-01 00:00:00',	'2025-07-15 00:00:00',	1130,	1490),
(726,	10,	6,	28,	82,	'2025-07-01 00:00:00',	'2025-07-15 00:00:00',	1450,	1950),
(727,	10,	7,	28,	82,	'2025-07-01 00:00:00',	'2025-07-15 00:00:00',	1450,	1950),
(728,	10,	6,	28,	83,	'2025-07-01 00:00:00',	'2025-07-15 00:00:00',	1450,	1750),
(729,	10,	7,	28,	83,	'2025-07-01 00:00:00',	'2025-07-15 00:00:00',	1450,	1750),
(730,	10,	8,	28,	82,	'2025-07-01 00:00:00',	'2025-07-15 00:00:00',	2140,	2685),
(731,	10,	8,	28,	83,	'2025-07-01 00:00:00',	'2025-07-15 00:00:00',	2140,	2500),
(732,	10,	6,	29,	82,	'2025-07-01 00:00:00',	'2025-07-15 00:00:00',	1450,	1950),
(733,	10,	7,	29,	82,	'2025-07-01 00:00:00',	'2025-07-15 00:00:00',	1450,	1950),
(734,	10,	6,	29,	83,	'2025-07-01 00:00:00',	'2025-07-15 00:00:00',	1450,	1750),
(735,	10,	7,	29,	83,	'2025-07-01 00:00:00',	'2025-07-15 00:00:00',	1450,	1750),
(736,	10,	8,	29,	82,	'2025-07-01 00:00:00',	'2025-07-15 00:00:00',	2140,	2685),
(737,	10,	8,	29,	83,	'2025-07-01 00:00:00',	'2025-07-15 00:00:00',	2140,	2500),
(738,	10,	6,	30,	82,	'2025-07-01 00:00:00',	'2025-07-15 00:00:00',	3635,	4135),
(739,	10,	7,	30,	82,	'2025-07-01 00:00:00',	'2025-07-15 00:00:00',	3635,	4135),
(740,	10,	6,	30,	83,	'2025-07-01 00:00:00',	'2025-07-15 00:00:00',	3700,	4000),
(741,	10,	7,	30,	83,	'2025-07-01 00:00:00',	'2025-07-15 00:00:00',	3700,	4000),
(742,	10,	8,	30,	82,	'2025-07-01 00:00:00',	'2025-07-15 00:00:00',	4470,	5015),
(743,	10,	8,	30,	83,	'2025-07-01 00:00:00',	'2025-07-15 00:00:00',	4570,	4930),
(744,	10,	6,	31,	82,	'2025-07-01 00:00:00',	'2025-07-15 00:00:00',	1325,	1825),
(745,	10,	7,	31,	82,	'2025-07-01 00:00:00',	'2025-07-15 00:00:00',	1325,	1825),
(746,	10,	6,	31,	83,	'2025-07-01 00:00:00',	'2025-07-15 00:00:00',	1325,	1625),
(747,	10,	7,	31,	83,	'2025-07-01 00:00:00',	'2025-07-15 00:00:00',	1325,	1625),
(748,	10,	8,	31,	82,	'2025-07-01 00:00:00',	'2025-07-15 00:00:00',	1865,	2410),
(749,	10,	8,	31,	83,	'2025-07-01 00:00:00',	'2025-07-15 00:00:00',	1865,	2225),
(750,	10,	6,	32,	82,	'2025-07-01 00:00:00',	'2025-07-15 00:00:00',	1325,	1825),
(751,	10,	7,	32,	82,	'2025-07-01 00:00:00',	'2025-07-15 00:00:00',	1325,	1825),
(752,	10,	6,	32,	83,	'2025-07-01 00:00:00',	'2025-07-15 00:00:00',	1325,	1625),
(753,	10,	7,	32,	83,	'2025-07-01 00:00:00',	'2025-07-15 00:00:00',	1325,	1625),
(754,	10,	8,	32,	82,	'2025-07-01 00:00:00',	'2025-07-15 00:00:00',	1865,	2410),
(755,	10,	8,	32,	83,	'2025-07-01 00:00:00',	'2025-07-15 00:00:00',	1865,	2225),
(756,	10,	6,	33,	82,	'2025-07-01 00:00:00',	'2025-07-15 00:00:00',	780,	1280),
(757,	10,	7,	33,	82,	'2025-07-01 00:00:00',	'2025-07-15 00:00:00',	780,	1280),
(758,	10,	6,	33,	83,	'2025-07-01 00:00:00',	'2025-07-15 00:00:00',	780,	1080),
(759,	10,	7,	33,	83,	'2025-07-01 00:00:00',	'2025-07-15 00:00:00',	780,	1080),
(760,	10,	8,	33,	82,	'2025-07-01 00:00:00',	'2025-07-15 00:00:00',	1100,	1645),
(761,	10,	8,	33,	83,	'2025-07-01 00:00:00',	'2025-07-15 00:00:00',	1100,	1460),
(762,	10,	6,	34,	82,	'2025-07-01 00:00:00',	'2025-07-15 00:00:00',	1040,	1540),
(763,	10,	7,	34,	82,	'2025-07-01 00:00:00',	'2025-07-15 00:00:00',	1040,	1540),
(764,	10,	6,	34,	83,	'2025-07-01 00:00:00',	'2025-07-15 00:00:00',	1040,	1340),
(765,	10,	7,	34,	83,	'2025-07-01 00:00:00',	'2025-07-15 00:00:00',	1040,	1340),
(766,	10,	8,	34,	82,	'2025-07-01 00:00:00',	'2025-07-15 00:00:00',	1660,	2205),
(767,	10,	8,	34,	83,	'2025-07-01 00:00:00',	'2025-07-15 00:00:00',	1660,	2020),
(768,	10,	6,	35,	82,	'2025-07-01 00:00:00',	'2025-07-15 00:00:00',	1795,	2295),
(769,	10,	7,	35,	82,	'2025-07-01 00:00:00',	'2025-07-15 00:00:00',	1795,	2295),
(770,	10,	6,	35,	83,	'2025-07-01 00:00:00',	'2025-07-15 00:00:00',	1795,	2095),
(771,	10,	7,	35,	83,	'2025-07-01 00:00:00',	'2025-07-15 00:00:00',	1795,	2095),
(772,	10,	8,	35,	82,	'2025-07-01 00:00:00',	'2025-07-15 00:00:00',	2775,	3320),
(773,	10,	8,	35,	83,	'2025-07-01 00:00:00',	'2025-07-15 00:00:00',	2775,	3135),
(774,	10,	6,	36,	82,	'2025-07-01 00:00:00',	'2025-07-15 00:00:00',	4135,	4635),
(775,	10,	7,	36,	82,	'2025-07-01 00:00:00',	'2025-07-15 00:00:00',	4135,	4635),
(776,	10,	6,	36,	83,	'2025-07-01 00:00:00',	'2025-07-15 00:00:00',	4200,	4500),
(777,	10,	7,	36,	83,	'2025-07-01 00:00:00',	'2025-07-15 00:00:00',	4200,	4500),
(778,	10,	8,	36,	82,	'2025-07-01 00:00:00',	'2025-07-15 00:00:00',	5270,	5815),
(779,	10,	8,	36,	83,	'2025-07-01 00:00:00',	'2025-07-15 00:00:00',	5370,	5730),
(780,	10,	6,	37,	82,	'2025-07-01 00:00:00',	'2025-07-15 00:00:00',	770,	1270),
(781,	10,	7,	37,	82,	'2025-07-01 00:00:00',	'2025-07-15 00:00:00',	770,	1270),
(782,	10,	6,	37,	83,	'2025-07-01 00:00:00',	'2025-07-15 00:00:00',	770,	1070),
(783,	10,	7,	37,	83,	'2025-07-01 00:00:00',	'2025-07-15 00:00:00',	770,	1070),
(784,	10,	8,	37,	82,	'2025-07-01 00:00:00',	'2025-07-15 00:00:00',	1080,	1625),
(785,	10,	8,	37,	83,	'2025-07-01 00:00:00',	'2025-07-15 00:00:00',	1080,	1440),
(786,	10,	6,	38,	82,	'2025-07-01 00:00:00',	'2025-07-15 00:00:00',	4435,	4935),
(787,	10,	7,	38,	82,	'2025-07-01 00:00:00',	'2025-07-15 00:00:00',	4435,	4935),
(788,	10,	6,	38,	83,	'2025-07-01 00:00:00',	'2025-07-15 00:00:00',	4500,	4800),
(789,	10,	7,	38,	83,	'2025-07-01 00:00:00',	'2025-07-15 00:00:00',	4500,	4800),
(790,	10,	8,	38,	82,	'2025-07-01 00:00:00',	'2025-07-15 00:00:00',	5170,	5715),
(791,	10,	8,	38,	83,	'2025-07-01 00:00:00',	'2025-07-15 00:00:00',	5270,	5630),
(792,	10,	6,	39,	82,	'2025-07-01 00:00:00',	'2025-07-15 00:00:00',	3435,	3935),
(793,	10,	7,	39,	82,	'2025-07-01 00:00:00',	'2025-07-15 00:00:00',	3435,	3935),
(794,	10,	6,	39,	83,	'2025-07-01 00:00:00',	'2025-07-15 00:00:00',	3500,	3800),
(795,	10,	7,	39,	83,	'2025-07-01 00:00:00',	'2025-07-15 00:00:00',	3500,	3800),
(796,	10,	8,	39,	82,	'2025-07-01 00:00:00',	'2025-07-15 00:00:00',	4170,	4715),
(797,	10,	8,	39,	83,	'2025-07-01 00:00:00',	'2025-07-15 00:00:00',	4270,	4630),
(798,	10,	6,	40,	82,	'2025-07-01 00:00:00',	'2025-07-15 00:00:00',	950,	1450),
(799,	10,	7,	40,	82,	'2025-07-01 00:00:00',	'2025-07-15 00:00:00',	950,	1450),
(800,	10,	6,	40,	83,	'2025-07-01 00:00:00',	'2025-07-15 00:00:00',	950,	1250),
(801,	10,	7,	40,	83,	'2025-07-01 00:00:00',	'2025-07-15 00:00:00',	950,	1250),
(802,	10,	8,	40,	82,	'2025-07-01 00:00:00',	'2025-07-15 00:00:00',	1320,	1865),
(803,	10,	8,	40,	83,	'2025-07-01 00:00:00',	'2025-07-15 00:00:00',	1320,	1680),
(804,	10,	6,	41,	82,	'2025-07-01 00:00:00',	'2025-07-15 00:00:00',	750,	1250),
(805,	10,	7,	41,	82,	'2025-07-01 00:00:00',	'2025-07-15 00:00:00',	750,	1250),
(806,	10,	6,	41,	83,	'2025-07-01 00:00:00',	'2025-07-15 00:00:00',	750,	1050),
(807,	10,	7,	41,	83,	'2025-07-01 00:00:00',	'2025-07-15 00:00:00',	750,	1050),
(808,	10,	8,	41,	82,	'2025-07-01 00:00:00',	'2025-07-15 00:00:00',	990,	1535),
(809,	10,	8,	41,	83,	'2025-07-01 00:00:00',	'2025-07-15 00:00:00',	990,	1350),
(810,	10,	6,	42,	82,	'2025-07-01 00:00:00',	'2025-07-15 00:00:00',	770,	1270),
(811,	10,	7,	42,	82,	'2025-07-01 00:00:00',	'2025-07-15 00:00:00',	770,	1270),
(812,	10,	6,	42,	83,	'2025-07-01 00:00:00',	'2025-07-15 00:00:00',	770,	1070),
(813,	10,	7,	42,	83,	'2025-07-01 00:00:00',	'2025-07-15 00:00:00',	770,	1070),
(814,	10,	8,	42,	82,	'2025-07-01 00:00:00',	'2025-07-15 00:00:00',	1010,	1555),
(815,	10,	8,	42,	83,	'2025-07-01 00:00:00',	'2025-07-15 00:00:00',	1010,	1370),
(816,	10,	6,	43,	82,	'2025-07-01 00:00:00',	'2025-07-15 00:00:00',	3435,	3935),
(817,	10,	7,	43,	82,	'2025-07-01 00:00:00',	'2025-07-15 00:00:00',	3435,	3935),
(818,	10,	6,	43,	83,	'2025-07-01 00:00:00',	'2025-07-15 00:00:00',	3500,	3800),
(819,	10,	7,	43,	83,	'2025-07-01 00:00:00',	'2025-07-15 00:00:00',	3500,	3800),
(820,	10,	8,	43,	82,	'2025-07-01 00:00:00',	'2025-07-15 00:00:00',	4170,	4715),
(821,	10,	8,	43,	83,	'2025-07-01 00:00:00',	'2025-07-15 00:00:00',	4270,	4630),
(822,	10,	6,	44,	82,	'2025-07-01 00:00:00',	'2025-07-15 00:00:00',	1400,	1900),
(823,	10,	7,	44,	82,	'2025-07-01 00:00:00',	'2025-07-15 00:00:00',	1400,	1900),
(824,	10,	6,	44,	83,	'2025-07-01 00:00:00',	'2025-07-15 00:00:00',	1400,	1700),
(825,	10,	7,	44,	83,	'2025-07-01 00:00:00',	'2025-07-15 00:00:00',	1400,	1700),
(826,	10,	8,	44,	82,	'2025-07-01 00:00:00',	'2025-07-15 00:00:00',	2240,	2785),
(827,	10,	8,	44,	83,	'2025-07-01 00:00:00',	'2025-07-15 00:00:00',	2240,	2600),
(828,	10,	6,	45,	82,	'2025-07-01 00:00:00',	'2025-07-15 00:00:00',	1000,	1500),
(829,	10,	7,	45,	82,	'2025-07-01 00:00:00',	'2025-07-15 00:00:00',	1000,	1500),
(830,	10,	6,	45,	83,	'2025-07-01 00:00:00',	'2025-07-15 00:00:00',	1000,	1300),
(831,	10,	7,	45,	83,	'2025-07-01 00:00:00',	'2025-07-15 00:00:00',	1000,	1300),
(832,	10,	8,	45,	82,	'2025-07-01 00:00:00',	'2025-07-15 00:00:00',	1640,	2185),
(833,	10,	8,	45,	83,	'2025-07-01 00:00:00',	'2025-07-15 00:00:00',	1640,	2000),
(834,	10,	6,	46,	82,	'2025-07-01 00:00:00',	'2025-07-15 00:00:00',	1120,	1620),
(835,	10,	7,	46,	82,	'2025-07-01 00:00:00',	'2025-07-15 00:00:00',	1120,	1620),
(836,	10,	6,	46,	83,	'2025-07-01 00:00:00',	'2025-07-15 00:00:00',	1120,	1420),
(837,	10,	7,	46,	83,	'2025-07-01 00:00:00',	'2025-07-15 00:00:00',	1120,	1420),
(838,	10,	8,	46,	82,	'2025-07-01 00:00:00',	'2025-07-15 00:00:00',	1890,	2435),
(839,	10,	8,	46,	83,	'2025-07-01 00:00:00',	'2025-07-15 00:00:00',	1890,	2250),
(840,	10,	6,	47,	82,	'2025-07-01 00:00:00',	'2025-07-15 00:00:00',	1120,	1620),
(841,	10,	7,	47,	82,	'2025-07-01 00:00:00',	'2025-07-15 00:00:00',	1120,	1620),
(842,	10,	6,	47,	83,	'2025-07-01 00:00:00',	'2025-07-15 00:00:00',	1120,	1420),
(843,	10,	7,	47,	83,	'2025-07-01 00:00:00',	'2025-07-15 00:00:00',	1120,	1420),
(844,	10,	8,	47,	82,	'2025-07-01 00:00:00',	'2025-07-15 00:00:00',	1390,	1935),
(845,	10,	8,	47,	83,	'2025-07-01 00:00:00',	'2025-07-15 00:00:00',	1390,	1750),
(846,	10,	6,	48,	82,	'2025-07-01 00:00:00',	'2025-07-15 00:00:00',	520,	1020),
(847,	10,	7,	48,	82,	'2025-07-01 00:00:00',	'2025-07-15 00:00:00',	520,	1020),
(848,	10,	6,	48,	83,	'2025-07-01 00:00:00',	'2025-07-15 00:00:00',	520,	820),
(849,	10,	7,	48,	83,	'2025-07-01 00:00:00',	'2025-07-15 00:00:00',	520,	820),
(850,	10,	8,	48,	82,	'2025-07-01 00:00:00',	'2025-07-15 00:00:00',	642,	1187),
(851,	10,	8,	48,	83,	'2025-07-01 00:00:00',	'2025-07-15 00:00:00',	642,	1002),
(852,	10,	6,	49,	82,	'2025-07-01 00:00:00',	'2025-07-15 00:00:00',	1370,	1870),
(853,	10,	7,	49,	82,	'2025-07-01 00:00:00',	'2025-07-15 00:00:00',	1370,	1870),
(854,	10,	6,	49,	83,	'2025-07-01 00:00:00',	'2025-07-15 00:00:00',	1225,	1525),
(855,	10,	7,	49,	83,	'2025-07-01 00:00:00',	'2025-07-15 00:00:00',	1225,	1525),
(856,	10,	8,	49,	82,	'2025-07-01 00:00:00',	'2025-07-15 00:00:00',	1890,	2435),
(857,	10,	8,	49,	83,	'2025-07-01 00:00:00',	'2025-07-15 00:00:00',	1615,	1975),
(858,	10,	6,	50,	82,	'2025-07-01 00:00:00',	'2025-07-15 00:00:00',	1210,	1710),
(859,	10,	7,	50,	82,	'2025-07-01 00:00:00',	'2025-07-15 00:00:00',	1210,	1710),
(860,	10,	6,	50,	83,	'2025-07-01 00:00:00',	'2025-07-15 00:00:00',	1210,	1510),
(861,	10,	7,	50,	83,	'2025-07-01 00:00:00',	'2025-07-15 00:00:00',	1210,	1510),
(862,	10,	8,	50,	82,	'2025-07-01 00:00:00',	'2025-07-15 00:00:00',	1920,	2465),
(863,	10,	8,	50,	83,	'2025-07-01 00:00:00',	'2025-07-15 00:00:00',	1920,	2280),
(864,	10,	6,	51,	82,	'2025-07-01 00:00:00',	'2025-07-15 00:00:00',	900,	1400),
(865,	10,	7,	51,	82,	'2025-07-01 00:00:00',	'2025-07-15 00:00:00',	900,	1400),
(866,	10,	6,	51,	83,	'2025-07-01 00:00:00',	'2025-07-15 00:00:00',	900,	1200),
(867,	10,	7,	51,	83,	'2025-07-01 00:00:00',	'2025-07-15 00:00:00',	900,	1200),
(868,	10,	8,	51,	82,	'2025-07-01 00:00:00',	'2025-07-15 00:00:00',	1340,	1885),
(869,	10,	8,	51,	83,	'2025-07-01 00:00:00',	'2025-07-15 00:00:00',	1340,	1700),
(870,	10,	6,	52,	82,	'2025-07-01 00:00:00',	'2025-07-15 00:00:00',	670,	1170),
(871,	10,	7,	52,	82,	'2025-07-01 00:00:00',	'2025-07-15 00:00:00',	670,	1170),
(872,	10,	6,	52,	83,	'2025-07-01 00:00:00',	'2025-07-15 00:00:00',	670,	970),
(873,	10,	7,	52,	83,	'2025-07-01 00:00:00',	'2025-07-15 00:00:00',	670,	970),
(874,	10,	8,	52,	82,	'2025-07-01 00:00:00',	'2025-07-15 00:00:00',	890,	1435),
(875,	10,	8,	52,	83,	'2025-07-01 00:00:00',	'2025-07-15 00:00:00',	890,	1250),
(876,	10,	6,	53,	82,	'2025-07-01 00:00:00',	'2025-07-15 00:00:00',	1450,	1950),
(877,	10,	7,	53,	82,	'2025-07-01 00:00:00',	'2025-07-15 00:00:00',	1450,	1950),
(878,	10,	6,	53,	83,	'2025-07-01 00:00:00',	'2025-07-15 00:00:00',	1450,	1750),
(879,	10,	7,	53,	83,	'2025-07-01 00:00:00',	'2025-07-15 00:00:00',	1450,	1750),
(880,	10,	8,	53,	82,	'2025-07-01 00:00:00',	'2025-07-15 00:00:00',	2140,	2685),
(881,	10,	8,	53,	83,	'2025-07-01 00:00:00',	'2025-07-15 00:00:00',	2140,	2500),
(882,	10,	6,	54,	82,	'2025-07-01 00:00:00',	'2025-07-15 00:00:00',	1450,	1950),
(883,	10,	7,	54,	82,	'2025-07-01 00:00:00',	'2025-07-15 00:00:00',	1450,	1950),
(884,	10,	6,	54,	83,	'2025-07-01 00:00:00',	'2025-07-15 00:00:00',	1450,	1750),
(885,	10,	7,	54,	83,	'2025-07-01 00:00:00',	'2025-07-15 00:00:00',	1450,	1750),
(886,	10,	8,	54,	82,	'2025-07-01 00:00:00',	'2025-07-15 00:00:00',	2140,	2685),
(887,	10,	8,	54,	83,	'2025-07-01 00:00:00',	'2025-07-15 00:00:00',	2140,	2500),
(888,	10,	6,	55,	82,	'2025-07-01 00:00:00',	'2025-07-15 00:00:00',	770,	1270),
(889,	10,	7,	55,	82,	'2025-07-01 00:00:00',	'2025-07-15 00:00:00',	770,	1270),
(890,	10,	6,	55,	83,	'2025-07-01 00:00:00',	'2025-07-15 00:00:00',	770,	1070),
(891,	10,	7,	55,	83,	'2025-07-01 00:00:00',	'2025-07-15 00:00:00',	770,	1070),
(892,	10,	8,	55,	82,	'2025-07-01 00:00:00',	'2025-07-15 00:00:00',	1010,	1555),
(893,	10,	8,	55,	83,	'2025-07-01 00:00:00',	'2025-07-15 00:00:00',	1010,	1370),
(894,	10,	6,	56,	82,	'2025-07-01 00:00:00',	'2025-07-15 00:00:00',	550,	1050),
(895,	10,	7,	56,	82,	'2025-07-01 00:00:00',	'2025-07-15 00:00:00',	550,	1050),
(896,	10,	6,	56,	83,	'2025-07-01 00:00:00',	'2025-07-15 00:00:00',	550,	850),
(897,	10,	7,	56,	83,	'2025-07-01 00:00:00',	'2025-07-15 00:00:00',	550,	850),
(898,	10,	8,	56,	82,	'2025-07-01 00:00:00',	'2025-07-15 00:00:00',	740,	1285),
(899,	10,	8,	56,	83,	'2025-07-01 00:00:00',	'2025-07-15 00:00:00',	740,	1100),
(900,	10,	6,	57,	82,	'2025-07-01 00:00:00',	'2025-07-15 00:00:00',	3635,	4135),
(901,	10,	7,	57,	82,	'2025-07-01 00:00:00',	'2025-07-15 00:00:00',	3635,	4135),
(902,	10,	6,	57,	83,	'2025-07-01 00:00:00',	'2025-07-15 00:00:00',	3700,	4000),
(903,	10,	7,	57,	83,	'2025-07-01 00:00:00',	'2025-07-15 00:00:00',	3700,	4000),
(904,	10,	8,	57,	82,	'2025-07-01 00:00:00',	'2025-07-15 00:00:00',	4470,	5015),
(905,	10,	8,	57,	83,	'2025-07-01 00:00:00',	'2025-07-15 00:00:00',	4570,	4930),
(906,	10,	6,	58,	82,	'2025-07-01 00:00:00',	'2025-07-15 00:00:00',	3635,	4135),
(907,	10,	7,	58,	82,	'2025-07-01 00:00:00',	'2025-07-15 00:00:00',	3635,	4135),
(908,	10,	6,	58,	83,	'2025-07-01 00:00:00',	'2025-07-15 00:00:00',	3700,	4000),
(909,	10,	7,	58,	83,	'2025-07-01 00:00:00',	'2025-07-15 00:00:00',	3700,	4000),
(910,	10,	8,	58,	82,	'2025-07-01 00:00:00',	'2025-07-15 00:00:00',	4470,	5015),
(911,	10,	8,	58,	83,	'2025-07-01 00:00:00',	'2025-07-15 00:00:00',	4570,	4930),
(912,	10,	6,	59,	82,	'2025-07-01 00:00:00',	'2025-07-15 00:00:00',	1010,	1510),
(913,	10,	7,	59,	82,	'2025-07-01 00:00:00',	'2025-07-15 00:00:00',	1010,	1510),
(914,	10,	6,	59,	83,	'2025-07-01 00:00:00',	'2025-07-15 00:00:00',	1010,	1310),
(915,	10,	7,	59,	83,	'2025-07-01 00:00:00',	'2025-07-15 00:00:00',	1010,	1310),
(916,	10,	8,	59,	82,	'2025-07-01 00:00:00',	'2025-07-15 00:00:00',	1600,	2145),
(917,	10,	8,	59,	83,	'2025-07-01 00:00:00',	'2025-07-15 00:00:00',	1600,	1960),
(918,	10,	6,	60,	82,	'2025-07-01 00:00:00',	'2025-07-15 00:00:00',	700,	1200),
(919,	10,	7,	60,	82,	'2025-07-01 00:00:00',	'2025-07-15 00:00:00',	700,	1200),
(920,	10,	6,	60,	83,	'2025-07-01 00:00:00',	'2025-07-15 00:00:00',	700,	1000),
(921,	10,	7,	60,	83,	'2025-07-01 00:00:00',	'2025-07-15 00:00:00',	700,	1000),
(922,	10,	8,	60,	82,	'2025-07-01 00:00:00',	'2025-07-15 00:00:00',	950,	1495),
(923,	10,	8,	60,	83,	'2025-07-01 00:00:00',	'2025-07-15 00:00:00',	950,	1310),
(924,	10,	6,	61,	82,	'2025-07-01 00:00:00',	'2025-07-15 00:00:00',	840,	1340),
(925,	10,	7,	61,	82,	'2025-07-01 00:00:00',	'2025-07-15 00:00:00',	840,	1340),
(926,	10,	6,	61,	83,	'2025-07-01 00:00:00',	'2025-07-15 00:00:00',	840,	1140),
(927,	10,	7,	61,	83,	'2025-07-01 00:00:00',	'2025-07-15 00:00:00',	840,	1140),
(928,	10,	8,	61,	82,	'2025-07-01 00:00:00',	'2025-07-15 00:00:00',	1150,	1695),
(929,	10,	8,	61,	83,	'2025-07-01 00:00:00',	'2025-07-15 00:00:00',	1150,	1510),
(930,	10,	6,	62,	82,	'2025-07-01 00:00:00',	'2025-07-15 00:00:00',	820,	1320),
(931,	10,	7,	62,	82,	'2025-07-01 00:00:00',	'2025-07-15 00:00:00',	820,	1320),
(932,	10,	6,	62,	83,	'2025-07-01 00:00:00',	'2025-07-15 00:00:00',	820,	1120),
(933,	10,	7,	62,	83,	'2025-07-01 00:00:00',	'2025-07-15 00:00:00',	820,	1120),
(934,	10,	8,	62,	82,	'2025-07-01 00:00:00',	'2025-07-15 00:00:00',	1060,	1605),
(935,	10,	8,	62,	83,	'2025-07-01 00:00:00',	'2025-07-15 00:00:00',	1060,	1420),
(936,	10,	6,	63,	82,	'2025-07-01 00:00:00',	'2025-07-15 00:00:00',	765,	1265),
(937,	10,	7,	63,	82,	'2025-07-01 00:00:00',	'2025-07-15 00:00:00',	765,	1265),
(938,	10,	6,	63,	83,	'2025-07-01 00:00:00',	'2025-07-15 00:00:00',	765,	1065),
(939,	10,	7,	63,	83,	'2025-07-01 00:00:00',	'2025-07-15 00:00:00',	765,	1065),
(940,	10,	8,	63,	82,	'2025-07-01 00:00:00',	'2025-07-15 00:00:00',	1050,	1595),
(941,	10,	8,	63,	83,	'2025-07-01 00:00:00',	'2025-07-15 00:00:00',	1050,	1410),
(942,	10,	6,	64,	82,	'2025-07-01 00:00:00',	'2025-07-15 00:00:00',	1655,	2155),
(943,	10,	7,	64,	82,	'2025-07-01 00:00:00',	'2025-07-15 00:00:00',	1655,	2155),
(944,	10,	6,	64,	83,	'2025-07-01 00:00:00',	'2025-07-15 00:00:00',	1655,	1955),
(945,	10,	7,	64,	83,	'2025-07-01 00:00:00',	'2025-07-15 00:00:00',	1655,	1955),
(946,	10,	8,	64,	82,	'2025-07-01 00:00:00',	'2025-07-15 00:00:00',	2500,	3045),
(947,	10,	8,	64,	83,	'2025-07-01 00:00:00',	'2025-07-15 00:00:00',	2500,	2860),
(948,	10,	6,	65,	82,	'2025-07-01 00:00:00',	'2025-07-15 00:00:00',	770,	1270),
(949,	10,	7,	65,	82,	'2025-07-01 00:00:00',	'2025-07-15 00:00:00',	770,	1270),
(950,	10,	6,	65,	83,	'2025-07-01 00:00:00',	'2025-07-15 00:00:00',	770,	1070),
(951,	10,	7,	65,	83,	'2025-07-01 00:00:00',	'2025-07-15 00:00:00',	770,	1070),
(952,	10,	8,	65,	82,	'2025-07-01 00:00:00',	'2025-07-15 00:00:00',	1010,	1555),
(953,	10,	8,	65,	83,	'2025-07-01 00:00:00',	'2025-07-15 00:00:00',	1010,	1370),
(954,	10,	6,	66,	82,	'2025-07-01 00:00:00',	'2025-07-15 00:00:00',	1180,	1680),
(955,	10,	7,	66,	82,	'2025-07-01 00:00:00',	'2025-07-15 00:00:00',	1180,	1680),
(956,	10,	6,	66,	83,	'2025-07-01 00:00:00',	'2025-07-15 00:00:00',	1180,	1480),
(957,	10,	7,	66,	83,	'2025-07-01 00:00:00',	'2025-07-15 00:00:00',	1180,	1480),
(958,	10,	8,	66,	82,	'2025-07-01 00:00:00',	'2025-07-15 00:00:00',	1890,	2435),
(959,	10,	8,	66,	83,	'2025-07-01 00:00:00',	'2025-07-15 00:00:00',	1890,	2250),
(960,	10,	6,	67,	82,	'2025-07-01 00:00:00',	'2025-07-15 00:00:00',	910,	1410),
(961,	10,	7,	67,	82,	'2025-07-01 00:00:00',	'2025-07-15 00:00:00',	910,	1410),
(962,	10,	6,	67,	83,	'2025-07-01 00:00:00',	'2025-07-15 00:00:00',	910,	1210),
(963,	10,	7,	67,	83,	'2025-07-01 00:00:00',	'2025-07-15 00:00:00',	910,	1210),
(964,	10,	8,	67,	82,	'2025-07-01 00:00:00',	'2025-07-15 00:00:00',	1300,	1845),
(965,	10,	8,	67,	83,	'2025-07-01 00:00:00',	'2025-07-15 00:00:00',	1300,	1660),
(966,	10,	6,	68,	82,	'2025-07-01 00:00:00',	'2025-07-15 00:00:00',	940,	1440),
(967,	10,	7,	68,	82,	'2025-07-01 00:00:00',	'2025-07-15 00:00:00',	940,	1440),
(968,	10,	6,	68,	83,	'2025-07-01 00:00:00',	'2025-07-15 00:00:00',	940,	1240),
(969,	10,	7,	68,	83,	'2025-07-01 00:00:00',	'2025-07-15 00:00:00',	940,	1240),
(970,	10,	8,	68,	82,	'2025-07-01 00:00:00',	'2025-07-15 00:00:00',	1340,	1885),
(971,	10,	8,	68,	83,	'2025-07-01 00:00:00',	'2025-07-15 00:00:00',	1340,	1700),
(972,	10,	6,	69,	82,	'2025-07-01 00:00:00',	'2025-07-15 00:00:00',	730,	1230),
(973,	10,	7,	69,	82,	'2025-07-01 00:00:00',	'2025-07-15 00:00:00',	730,	1230),
(974,	10,	6,	69,	83,	'2025-07-01 00:00:00',	'2025-07-15 00:00:00',	730,	1030),
(975,	10,	7,	69,	83,	'2025-07-01 00:00:00',	'2025-07-15 00:00:00',	730,	1030),
(976,	10,	8,	69,	82,	'2025-07-01 00:00:00',	'2025-07-15 00:00:00',	980,	1525),
(977,	10,	8,	69,	83,	'2025-07-01 00:00:00',	'2025-07-15 00:00:00',	980,	1340),
(978,	10,	6,	70,	82,	'2025-07-01 00:00:00',	'2025-07-15 00:00:00',	640,	1140),
(979,	10,	7,	70,	82,	'2025-07-01 00:00:00',	'2025-07-15 00:00:00',	640,	1140),
(980,	10,	6,	70,	83,	'2025-07-01 00:00:00',	'2025-07-15 00:00:00',	640,	940),
(981,	10,	7,	70,	83,	'2025-07-01 00:00:00',	'2025-07-15 00:00:00',	640,	940),
(982,	10,	8,	70,	82,	'2025-07-01 00:00:00',	'2025-07-15 00:00:00',	790,	1335),
(983,	10,	8,	70,	83,	'2025-07-01 00:00:00',	'2025-07-15 00:00:00',	790,	1150),
(984,	10,	6,	71,	82,	'2025-07-01 00:00:00',	'2025-07-15 00:00:00',	730,	1230),
(985,	10,	7,	71,	82,	'2025-07-01 00:00:00',	'2025-07-15 00:00:00',	730,	1230),
(986,	10,	6,	71,	83,	'2025-07-01 00:00:00',	'2025-07-15 00:00:00',	730,	1030),
(987,	10,	7,	71,	83,	'2025-07-01 00:00:00',	'2025-07-15 00:00:00',	730,	1030),
(988,	10,	8,	71,	82,	'2025-07-01 00:00:00',	'2025-07-15 00:00:00',	980,	1525),
(989,	10,	8,	71,	83,	'2025-07-01 00:00:00',	'2025-07-15 00:00:00',	980,	1340),
(990,	10,	6,	72,	82,	'2025-07-01 00:00:00',	'2025-07-15 00:00:00',	4135,	4635),
(991,	10,	7,	72,	82,	'2025-07-01 00:00:00',	'2025-07-15 00:00:00',	4135,	4635),
(992,	10,	6,	72,	83,	'2025-07-01 00:00:00',	'2025-07-15 00:00:00',	4200,	4500),
(993,	10,	7,	72,	83,	'2025-07-01 00:00:00',	'2025-07-15 00:00:00',	4200,	4500),
(994,	10,	8,	72,	82,	'2025-07-01 00:00:00',	'2025-07-15 00:00:00',	5270,	5815),
(995,	10,	8,	72,	83,	'2025-07-01 00:00:00',	'2025-07-15 00:00:00',	5370,	5730),
(996,	10,	6,	73,	82,	'2025-07-01 00:00:00',	'2025-07-15 00:00:00',	1310,	1810),
(997,	10,	7,	73,	82,	'2025-07-01 00:00:00',	'2025-07-15 00:00:00',	1310,	1810),
(998,	10,	6,	73,	83,	'2025-07-01 00:00:00',	'2025-07-15 00:00:00',	1310,	1610),
(999,	10,	7,	73,	83,	'2025-07-01 00:00:00',	'2025-07-15 00:00:00',	1310,	1610),
(1000,	10,	8,	73,	82,	'2025-07-01 00:00:00',	'2025-07-15 00:00:00',	1960,	2505),
(1001,	10,	8,	73,	83,	'2025-07-01 00:00:00',	'2025-07-15 00:00:00',	1960,	2320),
(1002,	10,	6,	74,	82,	'2025-07-01 00:00:00',	'2025-07-15 00:00:00',	1310,	1810),
(1003,	10,	7,	74,	82,	'2025-07-01 00:00:00',	'2025-07-15 00:00:00',	1310,	1810),
(1004,	10,	6,	74,	83,	'2025-07-01 00:00:00',	'2025-07-15 00:00:00',	1310,	1610),
(1005,	10,	7,	74,	83,	'2025-07-01 00:00:00',	'2025-07-15 00:00:00',	1310,	1610),
(1006,	10,	8,	74,	82,	'2025-07-01 00:00:00',	'2025-07-15 00:00:00',	1960,	2505),
(1007,	10,	8,	74,	83,	'2025-07-01 00:00:00',	'2025-07-15 00:00:00',	1960,	2320),
(1008,	10,	6,	78,	82,	'2025-07-02 00:00:00',	'2025-07-02 00:00:00',	350,	850),
(1009,	10,	7,	78,	82,	'2025-07-02 00:00:00',	'2025-07-02 00:00:00',	350,	850),
(1010,	10,	8,	78,	82,	'2025-07-02 00:00:00',	'2025-07-02 00:00:00',	390,	935),
(1011,	10,	6,	78,	83,	'2025-07-02 00:00:00',	'2025-07-02 00:00:00',	350,	650),
(1012,	10,	7,	78,	83,	'2025-07-02 00:00:00',	'2025-07-02 00:00:00',	350,	650),
(1013,	10,	8,	78,	83,	'2025-07-02 00:00:00',	'2025-07-02 00:00:00',	390,	750),
(1014,	10,	6,	75,	82,	'2025-07-05 00:00:00',	'2025-07-05 00:00:00',	400,	900),
(1015,	10,	7,	75,	82,	'2025-07-05 00:00:00',	'2025-07-05 00:00:00',	400,	900),
(1016,	10,	8,	75,	82,	'2025-07-05 00:00:00',	'2025-07-05 00:00:00',	440,	985),
(1017,	10,	6,	75,	83,	'2025-07-05 00:00:00',	'2025-07-05 00:00:00',	400,	700),
(1018,	10,	7,	75,	83,	'2025-07-05 00:00:00',	'2025-07-05 00:00:00',	400,	700),
(1019,	10,	8,	75,	83,	'2025-07-05 00:00:00',	'2025-07-05 00:00:00',	440,	800),
(1020,	10,	6,	76,	82,	'2025-07-08 00:00:00',	'2025-07-08 00:00:00',	400,	900),
(1021,	10,	7,	76,	82,	'2025-07-08 00:00:00',	'2025-07-08 00:00:00',	400,	900),
(1022,	10,	8,	76,	82,	'2025-07-08 00:00:00',	'2025-07-08 00:00:00',	440,	985),
(1023,	10,	6,	76,	83,	'2025-07-08 00:00:00',	'2025-07-08 00:00:00',	400,	700),
(1024,	10,	7,	76,	83,	'2025-07-08 00:00:00',	'2025-07-08 00:00:00',	400,	700),
(1025,	10,	8,	76,	83,	'2025-07-08 00:00:00',	'2025-07-08 00:00:00',	440,	800),
(1026,	10,	6,	77,	82,	'2025-07-10 00:00:00',	'2025-07-10 00:00:00',	400,	900),
(1027,	10,	7,	77,	82,	'2025-07-10 00:00:00',	'2025-07-10 00:00:00',	400,	900),
(1028,	10,	8,	77,	82,	'2025-07-10 00:00:00',	'2025-07-10 00:00:00',	440,	985),
(1029,	10,	6,	77,	83,	'2025-07-10 00:00:00',	'2025-07-10 00:00:00',	400,	700),
(1030,	10,	7,	77,	83,	'2025-07-10 00:00:00',	'2025-07-10 00:00:00',	400,	700),
(1031,	10,	8,	77,	83,	'2025-07-10 00:00:00',	'2025-07-10 00:00:00',	440,	800),
(1032,	10,	6,	78,	82,	'2025-07-13 00:00:00',	'2025-07-13 00:00:00',	350,	850),
(1033,	10,	7,	78,	82,	'2025-07-13 00:00:00',	'2025-07-13 00:00:00',	350,	850),
(1034,	10,	8,	78,	82,	'2025-07-13 00:00:00',	'2025-07-13 00:00:00',	390,	935),
(1035,	10,	6,	78,	83,	'2025-07-13 00:00:00',	'2025-07-13 00:00:00',	350,	650),
(1036,	10,	7,	78,	83,	'2025-07-13 00:00:00',	'2025-07-13 00:00:00',	350,	650),
(1037,	10,	8,	78,	83,	'2025-07-13 00:00:00',	'2025-07-13 00:00:00',	390,	750),
(1038,	10,	6,	78,	82,	'2025-06-12 00:00:00',	'2025-06-12 00:00:00',	350,	850),
(1039,	10,	7,	78,	82,	'2025-06-12 00:00:00',	'2025-06-12 00:00:00',	350,	850),
(1040,	10,	8,	78,	82,	'2025-06-12 00:00:00',	'2025-06-12 00:00:00',	390,	935),
(1041,	10,	6,	78,	83,	'2025-06-12 00:00:00',	'2025-06-12 00:00:00',	350,	770),
(1042,	10,	7,	78,	83,	'2025-06-12 00:00:00',	'2025-06-12 00:00:00',	350,	770),
(1043,	10,	8,	78,	83,	'2025-06-12 00:00:00',	'2025-06-12 00:00:00',	390,	915),
(1044,	10,	6,	75,	82,	'2025-06-15 00:00:00',	'2025-06-15 00:00:00',	400,	900),
(1045,	10,	7,	75,	82,	'2025-06-15 00:00:00',	'2025-06-15 00:00:00',	400,	900),
(1046,	10,	8,	75,	82,	'2025-06-15 00:00:00',	'2025-06-15 00:00:00',	490,	1035),
(1047,	10,	6,	75,	83,	'2025-06-15 00:00:00',	'2025-06-15 00:00:00',	400,	820),
(1048,	10,	7,	75,	83,	'2025-06-15 00:00:00',	'2025-06-15 00:00:00',	400,	820),
(1049,	10,	8,	75,	83,	'2025-06-15 00:00:00',	'2025-06-15 00:00:00',	490,	1015),
(1056,	10,	6,	77,	82,	'2025-06-20 00:00:00',	'2025-06-20 00:00:00',	400,	900),
(1057,	10,	7,	77,	82,	'2025-06-20 00:00:00',	'2025-06-20 00:00:00',	400,	900),
(1058,	10,	8,	77,	82,	'2025-06-20 00:00:00',	'2025-06-20 00:00:00',	490,	1035),
(1059,	10,	6,	77,	83,	'2025-06-20 00:00:00',	'2025-06-20 00:00:00',	400,	820),
(1060,	10,	7,	77,	83,	'2025-06-20 00:00:00',	'2025-06-20 00:00:00',	400,	820),
(1061,	10,	8,	77,	83,	'2025-06-20 00:00:00',	'2025-06-20 00:00:00',	490,	1015),
(1062,	10,	6,	78,	82,	'2025-06-23 00:00:00',	'2025-06-23 00:00:00',	350,	850),
(1063,	10,	7,	78,	82,	'2025-06-23 00:00:00',	'2025-06-23 00:00:00',	350,	850),
(1064,	10,	8,	78,	82,	'2025-06-23 00:00:00',	'2025-06-23 00:00:00',	390,	935),
(1065,	10,	6,	78,	83,	'2025-06-23 00:00:00',	'2025-06-23 00:00:00',	350,	770),
(1066,	10,	7,	78,	83,	'2025-06-23 00:00:00',	'2025-06-23 00:00:00',	350,	770),
(1067,	10,	8,	78,	83,	'2025-06-23 00:00:00',	'2025-06-23 00:00:00',	390,	915),
(1068,	11,	6,	77,	80,	'2025-07-01 00:00:00',	'2025-07-30 00:00:00',	NULL,	3600),
(1069,	11,	7,	77,	80,	'2025-07-01 00:00:00',	'2025-07-30 00:00:00',	NULL,	3600),
(1070,	11,	8,	77,	80,	'2025-07-01 00:00:00',	'2025-07-30 00:00:00',	NULL,	4400),
(1071,	11,	6,	76,	80,	'2025-07-01 00:00:00',	'2025-07-30 00:00:00',	NULL,	3600),
(1072,	11,	7,	76,	80,	'2025-07-01 00:00:00',	'2025-07-30 00:00:00',	NULL,	3600),
(1073,	11,	8,	76,	80,	'2025-07-01 00:00:00',	'2025-07-30 00:00:00',	NULL,	4400),
(1074,	11,	6,	48,	80,	'2025-07-01 00:00:00',	'2025-07-30 00:00:00',	NULL,	3600),
(1075,	11,	7,	48,	80,	'2025-07-01 00:00:00',	'2025-07-30 00:00:00',	NULL,	3600),
(1076,	11,	8,	48,	80,	'2025-07-01 00:00:00',	'2025-07-30 00:00:00',	NULL,	4400),
(1077,	11,	6,	63,	80,	'2025-07-01 00:00:00',	'2025-07-30 00:00:00',	NULL,	3600),
(1078,	11,	7,	63,	80,	'2025-07-01 00:00:00',	'2025-07-30 00:00:00',	NULL,	3600),
(1079,	11,	8,	63,	80,	'2025-07-01 00:00:00',	'2025-07-30 00:00:00',	NULL,	4500),
(1080,	11,	6,	92,	80,	'2025-07-01 00:00:00',	'2025-07-30 00:00:00',	NULL,	3600),
(1081,	11,	7,	92,	80,	'2025-07-01 00:00:00',	'2025-07-30 00:00:00',	NULL,	3600),
(1082,	11,	8,	92,	80,	'2025-07-01 00:00:00',	'2025-07-30 00:00:00',	NULL,	4500),
(1083,	11,	6,	93,	80,	'2025-07-01 00:00:00',	'2025-07-30 00:00:00',	NULL,	3600),
(1084,	11,	7,	93,	80,	'2025-07-01 00:00:00',	'2025-07-30 00:00:00',	NULL,	3600),
(1085,	11,	8,	93,	80,	'2025-07-01 00:00:00',	'2025-07-30 00:00:00',	NULL,	4500),
(1086,	11,	6,	51,	80,	'2025-07-01 00:00:00',	'2025-07-30 00:00:00',	NULL,	4100),
(1087,	11,	7,	51,	80,	'2025-07-01 00:00:00',	'2025-07-30 00:00:00',	NULL,	4100),
(1088,	11,	8,	51,	80,	'2025-07-01 00:00:00',	'2025-07-30 00:00:00',	NULL,	5700),
(1089,	11,	6,	47,	80,	'2025-07-01 00:00:00',	'2025-07-30 00:00:00',	NULL,	4300),
(1090,	11,	7,	47,	80,	'2025-07-01 00:00:00',	'2025-07-30 00:00:00',	NULL,	4300),
(1091,	11,	8,	47,	80,	'2025-07-01 00:00:00',	'2025-07-30 00:00:00',	NULL,	5400),
(1092,	11,	6,	22,	80,	'2025-07-01 00:00:00',	'2025-07-30 00:00:00',	NULL,	4200),
(1093,	11,	7,	22,	80,	'2025-07-01 00:00:00',	'2025-07-30 00:00:00',	NULL,	4200),
(1094,	11,	8,	22,	80,	'2025-07-01 00:00:00',	'2025-07-30 00:00:00',	NULL,	5700),
(1095,	11,	6,	20,	80,	'2025-07-01 00:00:00',	'2025-07-30 00:00:00',	NULL,	4300),
(1096,	11,	7,	20,	80,	'2025-07-01 00:00:00',	'2025-07-30 00:00:00',	NULL,	4300),
(1097,	11,	8,	20,	80,	'2025-07-01 00:00:00',	'2025-07-30 00:00:00',	NULL,	5700),
(1098,	11,	6,	32,	80,	'2025-07-01 00:00:00',	'2025-07-30 00:00:00',	NULL,	4300),
(1099,	11,	7,	32,	80,	'2025-07-01 00:00:00',	'2025-07-30 00:00:00',	NULL,	4300),
(1100,	11,	8,	32,	80,	'2025-07-01 00:00:00',	'2025-07-30 00:00:00',	NULL,	5700),
(1101,	11,	6,	2,	80,	'2025-07-01 00:00:00',	'2025-07-30 00:00:00',	NULL,	4300),
(1102,	11,	7,	2,	80,	'2025-07-01 00:00:00',	'2025-07-30 00:00:00',	NULL,	4300),
(1103,	11,	8,	2,	80,	'2025-07-01 00:00:00',	'2025-07-30 00:00:00',	NULL,	5700),
(1104,	11,	6,	23,	80,	'2025-07-01 00:00:00',	'2025-07-30 00:00:00',	NULL,	4100),
(1105,	11,	7,	23,	80,	'2025-07-01 00:00:00',	'2025-07-30 00:00:00',	NULL,	4100),
(1106,	11,	8,	23,	80,	'2025-07-01 00:00:00',	'2025-07-30 00:00:00',	NULL,	5700),
(1107,	11,	6,	53,	80,	'2025-07-01 00:00:00',	'2025-07-30 00:00:00',	NULL,	4200),
(1108,	11,	7,	53,	80,	'2025-07-01 00:00:00',	'2025-07-30 00:00:00',	NULL,	4200),
(1109,	11,	8,	53,	80,	'2025-07-01 00:00:00',	'2025-07-30 00:00:00',	NULL,	5700),
(1110,	11,	6,	14,	80,	'2025-07-01 00:00:00',	'2025-07-30 00:00:00',	NULL,	3600),
(1111,	11,	7,	14,	80,	'2025-07-01 00:00:00',	'2025-07-30 00:00:00',	NULL,	3600),
(1112,	11,	8,	14,	80,	'2025-07-01 00:00:00',	'2025-07-30 00:00:00',	NULL,	4300),
(1113,	11,	6,	43,	80,	'2025-07-01 00:00:00',	'2025-07-30 00:00:00',	NULL,	2850),
(1114,	11,	7,	43,	80,	'2025-07-01 00:00:00',	'2025-07-30 00:00:00',	NULL,	2850),
(1115,	11,	8,	43,	80,	'2025-07-01 00:00:00',	'2025-07-30 00:00:00',	NULL,	3700),
(1116,	11,	6,	78,	80,	'2025-07-01 00:00:00',	'2025-07-30 00:00:00',	NULL,	4100),
(1117,	11,	7,	78,	80,	'2025-07-01 00:00:00',	'2025-07-30 00:00:00',	NULL,	4100),
(1118,	11,	8,	78,	80,	'2025-07-01 00:00:00',	'2025-07-30 00:00:00',	NULL,	5700),
(1119,	11,	6,	9,	80,	'2025-07-01 00:00:00',	'2025-07-30 00:00:00',	NULL,	2850),
(1120,	11,	7,	9,	80,	'2025-07-01 00:00:00',	'2025-07-30 00:00:00',	NULL,	2850),
(1121,	11,	8,	9,	80,	'2025-07-01 00:00:00',	'2025-07-30 00:00:00',	NULL,	6700),
(1122,	11,	6,	28,	80,	'2025-07-01 00:00:00',	'2025-07-30 00:00:00',	NULL,	4200),
(1123,	11,	7,	28,	80,	'2025-07-01 00:00:00',	'2025-07-30 00:00:00',	NULL,	4200),
(1124,	11,	8,	28,	80,	'2025-07-01 00:00:00',	'2025-07-30 00:00:00',	NULL,	5700),
(1125,	11,	6,	56,	80,	'2025-07-01 00:00:00',	'2025-07-30 00:00:00',	NULL,	3600),
(1126,	11,	7,	56,	80,	'2025-07-01 00:00:00',	'2025-07-30 00:00:00',	NULL,	3600),
(1127,	11,	8,	56,	80,	'2025-07-01 00:00:00',	'2025-07-30 00:00:00',	NULL,	4300),
(1128,	11,	6,	107,	80,	'2025-07-01 00:00:00',	'2025-07-30 00:00:00',	NULL,	4700),
(1129,	11,	7,	107,	80,	'2025-07-01 00:00:00',	'2025-07-30 00:00:00',	NULL,	4700),
(1130,	11,	8,	107,	80,	'2025-07-01 00:00:00',	'2025-07-30 00:00:00',	NULL,	5600),
(1131,	11,	6,	108,	80,	'2025-07-01 00:00:00',	'2025-07-30 00:00:00',	NULL,	4000),
(1132,	11,	7,	108,	80,	'2025-07-01 00:00:00',	'2025-07-30 00:00:00',	NULL,	4000),
(1133,	11,	8,	108,	80,	'2025-07-01 00:00:00',	'2025-07-30 00:00:00',	NULL,	3700),
(1134,	11,	6,	109,	80,	'2025-07-01 00:00:00',	'2025-07-30 00:00:00',	NULL,	4500),
(1135,	11,	7,	109,	80,	'2025-07-01 00:00:00',	'2025-07-30 00:00:00',	NULL,	4500),
(1136,	11,	8,	109,	80,	'2025-07-01 00:00:00',	'2025-07-30 00:00:00',	NULL,	5500),
(1137,	11,	6,	110,	80,	'2025-07-01 00:00:00',	'2025-07-30 00:00:00',	NULL,	4100),
(1138,	11,	7,	110,	80,	'2025-07-01 00:00:00',	'2025-07-30 00:00:00',	NULL,	4100),
(1139,	11,	8,	110,	80,	'2025-07-01 00:00:00',	'2025-07-30 00:00:00',	NULL,	3600),
(1140,	11,	6,	111,	80,	'2025-07-01 00:00:00',	'2025-07-30 00:00:00',	NULL,	5800),
(1141,	11,	7,	111,	80,	'2025-07-01 00:00:00',	'2025-07-30 00:00:00',	NULL,	5800),
(1142,	11,	8,	111,	80,	'2025-07-01 00:00:00',	'2025-07-30 00:00:00',	NULL,	6400),
(1143,	11,	6,	112,	80,	'2025-07-01 00:00:00',	'2025-07-30 00:00:00',	NULL,	4800),
(1144,	11,	7,	112,	80,	'2025-07-01 00:00:00',	'2025-07-30 00:00:00',	NULL,	4800),
(1145,	11,	8,	112,	80,	'2025-07-01 00:00:00',	'2025-07-30 00:00:00',	NULL,	5500),
(1146,	11,	6,	113,	80,	'2025-07-01 00:00:00',	'2025-07-30 00:00:00',	NULL,	4300),
(1147,	11,	7,	113,	80,	'2025-07-01 00:00:00',	'2025-07-30 00:00:00',	NULL,	4300),
(1148,	11,	8,	113,	80,	'2025-07-01 00:00:00',	'2025-07-30 00:00:00',	NULL,	4400),
(1149,	11,	6,	114,	80,	'2025-07-01 00:00:00',	'2025-07-30 00:00:00',	NULL,	4900),
(1150,	11,	7,	114,	80,	'2025-07-01 00:00:00',	'2025-07-30 00:00:00',	NULL,	4900),
(1151,	11,	8,	114,	80,	'2025-07-01 00:00:00',	'2025-07-30 00:00:00',	NULL,	5800),
(1152,	11,	6,	38,	80,	'2025-07-01 00:00:00',	'2025-07-30 00:00:00',	NULL,	5500),
(1153,	11,	7,	38,	80,	'2025-07-01 00:00:00',	'2025-07-30 00:00:00',	NULL,	5500),
(1154,	11,	8,	38,	80,	'2025-07-01 00:00:00',	'2025-07-30 00:00:00',	NULL,	6000),
(1155,	11,	6,	77,	82,	'2025-07-01 00:00:00',	'2025-07-30 00:00:00',	NULL,	1200),
(1156,	11,	7,	77,	82,	'2025-07-01 00:00:00',	'2025-07-30 00:00:00',	NULL,	1200),
(1157,	11,	8,	77,	82,	'2025-07-01 00:00:00',	'2025-07-30 00:00:00',	NULL,	1400),
(1158,	11,	6,	48,	82,	'2025-07-01 00:00:00',	'2025-07-30 00:00:00',	NULL,	1200),
(1159,	11,	7,	48,	82,	'2025-07-01 00:00:00',	'2025-07-30 00:00:00',	NULL,	1200),
(1160,	11,	8,	48,	82,	'2025-07-01 00:00:00',	'2025-07-30 00:00:00',	NULL,	1400),
(1161,	11,	6,	76,	82,	'2025-07-01 00:00:00',	'2025-07-30 00:00:00',	NULL,	1200),
(1162,	11,	7,	76,	82,	'2025-07-01 00:00:00',	'2025-07-30 00:00:00',	NULL,	1200),
(1163,	11,	8,	76,	82,	'2025-07-01 00:00:00',	'2025-07-30 00:00:00',	NULL,	1350),
(1164,	11,	6,	56,	82,	'2025-07-01 00:00:00',	'2025-07-30 00:00:00',	NULL,	1200),
(1165,	11,	7,	56,	82,	'2025-07-01 00:00:00',	'2025-07-30 00:00:00',	NULL,	1200),
(1166,	11,	8,	56,	82,	'2025-07-01 00:00:00',	'2025-07-30 00:00:00',	NULL,	1350),
(1167,	11,	6,	92,	82,	'2025-07-01 00:00:00',	'2025-07-30 00:00:00',	NULL,	1400),
(1168,	11,	7,	92,	82,	'2025-07-01 00:00:00',	'2025-07-30 00:00:00',	NULL,	1400),
(1169,	11,	8,	92,	82,	'2025-07-01 00:00:00',	'2025-07-30 00:00:00',	NULL,	1700),
(1170,	11,	6,	63,	82,	'2025-07-01 00:00:00',	'2025-07-30 00:00:00',	NULL,	1250),
(1171,	11,	7,	63,	82,	'2025-07-01 00:00:00',	'2025-07-30 00:00:00',	NULL,	1250),
(1172,	11,	8,	63,	82,	'2025-07-01 00:00:00',	'2025-07-30 00:00:00',	NULL,	1600),
(1173,	11,	6,	116,	82,	'2025-07-01 00:00:00',	'2025-07-30 00:00:00',	NULL,	1400),
(1174,	11,	7,	116,	82,	'2025-07-01 00:00:00',	'2025-07-30 00:00:00',	NULL,	1400),
(1175,	11,	8,	116,	82,	'2025-07-01 00:00:00',	'2025-07-30 00:00:00',	NULL,	1700),
(1176,	11,	6,	117,	82,	'2025-07-01 00:00:00',	'2025-07-30 00:00:00',	NULL,	1400),
(1177,	11,	7,	117,	82,	'2025-07-01 00:00:00',	'2025-07-30 00:00:00',	NULL,	1400),
(1178,	11,	8,	117,	82,	'2025-07-01 00:00:00',	'2025-07-30 00:00:00',	NULL,	1700),
(1179,	11,	6,	93,	82,	'2025-07-01 00:00:00',	'2025-07-30 00:00:00',	NULL,	1500),
(1180,	11,	7,	93,	82,	'2025-07-01 00:00:00',	'2025-07-30 00:00:00',	NULL,	1500),
(1181,	11,	8,	93,	82,	'2025-07-01 00:00:00',	'2025-07-30 00:00:00',	NULL,	2000),
(1182,	11,	6,	14,	82,	'2025-07-01 00:00:00',	'2025-07-30 00:00:00',	NULL,	1200),
(1183,	11,	7,	14,	82,	'2025-07-01 00:00:00',	'2025-07-30 00:00:00',	NULL,	1200),
(1184,	11,	8,	14,	82,	'2025-07-01 00:00:00',	'2025-07-30 00:00:00',	NULL,	1350),
(1185,	11,	6,	78,	82,	'2025-07-01 00:00:00',	'2025-07-30 00:00:00',	NULL,	1250),
(1186,	11,	7,	78,	82,	'2025-07-01 00:00:00',	'2025-07-30 00:00:00',	NULL,	1250),
(1187,	11,	8,	78,	82,	'2025-07-01 00:00:00',	'2025-07-30 00:00:00',	NULL,	2200),
(1188,	11,	6,	23,	82,	'2025-07-01 00:00:00',	'2025-07-30 00:00:00',	NULL,	2000),
(1189,	11,	7,	23,	82,	'2025-07-01 00:00:00',	'2025-07-30 00:00:00',	NULL,	2000),
(1190,	11,	8,	23,	82,	'2025-07-01 00:00:00',	'2025-07-30 00:00:00',	NULL,	3000),
(1191,	11,	6,	51,	82,	'2025-07-01 00:00:00',	'2025-07-30 00:00:00',	NULL,	2000),
(1192,	11,	7,	51,	82,	'2025-07-01 00:00:00',	'2025-07-30 00:00:00',	NULL,	2000),
(1193,	11,	8,	51,	82,	'2025-07-01 00:00:00',	'2025-07-30 00:00:00',	NULL,	3000),
(1194,	11,	6,	47,	82,	'2025-07-01 00:00:00',	'2025-07-30 00:00:00',	NULL,	2500),
(1195,	11,	7,	47,	82,	'2025-07-01 00:00:00',	'2025-07-30 00:00:00',	NULL,	2500),
(1196,	11,	8,	47,	82,	'2025-07-01 00:00:00',	'2025-07-30 00:00:00',	NULL,	3000),
(1197,	11,	6,	28,	82,	'2025-07-01 00:00:00',	'2025-07-30 00:00:00',	NULL,	2350),
(1198,	11,	7,	28,	82,	'2025-07-01 00:00:00',	'2025-07-30 00:00:00',	NULL,	2350),
(1199,	11,	8,	28,	82,	'2025-07-01 00:00:00',	'2025-07-30 00:00:00',	NULL,	3150),
(1200,	11,	6,	29,	82,	'2025-07-01 00:00:00',	'2025-07-30 00:00:00',	NULL,	2350),
(1201,	11,	7,	29,	82,	'2025-07-01 00:00:00',	'2025-07-30 00:00:00',	NULL,	2350),
(1202,	11,	8,	29,	82,	'2025-07-01 00:00:00',	'2025-07-30 00:00:00',	NULL,	3150),
(1203,	11,	6,	32,	82,	'2025-07-01 00:00:00',	'2025-07-30 00:00:00',	NULL,	1850),
(1204,	11,	7,	32,	82,	'2025-07-01 00:00:00',	'2025-07-30 00:00:00',	NULL,	1850),
(1205,	11,	8,	32,	82,	'2025-07-01 00:00:00',	'2025-07-30 00:00:00',	NULL,	2600),
(1206,	11,	6,	2,	82,	'2025-07-01 00:00:00',	'2025-07-30 00:00:00',	NULL,	1850),
(1207,	11,	7,	2,	82,	'2025-07-01 00:00:00',	'2025-07-30 00:00:00',	NULL,	1850),
(1208,	11,	8,	2,	82,	'2025-07-01 00:00:00',	'2025-07-30 00:00:00',	NULL,	2600),
(1209,	11,	6,	22,	82,	'2025-07-01 00:00:00',	'2025-07-30 00:00:00',	NULL,	1850),
(1210,	11,	7,	22,	82,	'2025-07-01 00:00:00',	'2025-07-30 00:00:00',	NULL,	1850),
(1211,	11,	8,	22,	82,	'2025-07-01 00:00:00',	'2025-07-30 00:00:00',	NULL,	2600),
(1212,	11,	6,	20,	82,	'2025-07-01 00:00:00',	'2025-07-30 00:00:00',	NULL,	1850),
(1213,	11,	7,	20,	82,	'2025-07-01 00:00:00',	'2025-07-30 00:00:00',	NULL,	1850),
(1214,	11,	8,	20,	82,	'2025-07-01 00:00:00',	'2025-07-30 00:00:00',	NULL,	2300),
(1215,	11,	6,	43,	82,	'2025-07-01 00:00:00',	'2025-07-30 00:00:00',	NULL,	2100),
(1216,	11,	7,	43,	82,	'2025-07-01 00:00:00',	'2025-07-30 00:00:00',	NULL,	2100),
(1217,	11,	8,	43,	82,	'2025-07-01 00:00:00',	'2025-07-30 00:00:00',	NULL,	3300),
(1218,	11,	6,	39,	82,	'2025-07-01 00:00:00',	'2025-07-30 00:00:00',	NULL,	2100),
(1219,	11,	7,	39,	82,	'2025-07-01 00:00:00',	'2025-07-30 00:00:00',	NULL,	2100),
(1220,	11,	8,	39,	82,	'2025-07-01 00:00:00',	'2025-07-30 00:00:00',	NULL,	3300),
(1221,	11,	6,	9,	82,	'2025-07-01 00:00:00',	'2025-07-30 00:00:00',	NULL,	2100),
(1222,	11,	7,	9,	82,	'2025-07-01 00:00:00',	'2025-07-30 00:00:00',	NULL,	2100),
(1223,	11,	8,	9,	82,	'2025-07-01 00:00:00',	'2025-07-30 00:00:00',	NULL,	3300);

-- 2025-07-10 12:36:21 UTC
